run,model,scenario_id,above_floor,above_floor_null,pD,pJ,g,pD_null,pJ_null,g_null,ind,ind_null
three_cell_union,base,F1-A-00,True,True,0.48655069326611067,0.42954260480651485,0.05700808845959582,0.34110631054351903,0.2886486156784619,0.052457694865057136,0,0
three_cell_union,base,F1-A-00T,True,True,0.4538385888066413,0.4540402832125983,-0.00020169440595702026,0.4406830526440797,0.4437465204339548,-0.003063467789875096,0,
three_cell_union,base,F1-A-02,True,True,0.38474876427685123,0.2790748787924613,0.10567388548438994,0.3330015462705329,0.2459469430646058,0.08705460320592712,0,0
three_cell_union,base,F1-A-02T,True,True,0.31006479255395125,0.2432044043328788,0.06686038822107246,0.29569003722032894,0.2306292099818099,0.06506082723851903,0,0
three_cell_union,base,F1-A-04,True,True,0.35194354079306645,0.3391248514215391,0.012818689371527359,0.4105498123825469,0.3973292491431887,0.013220563239358218,0,0
three_cell_union,base,F1-A-04T,False,False,0.28108763506266077,0.3353768928436248,-0.05428925778096405,0.23052818600517191,0.2845906805009929,-0.054062494495820984,0,0
three_cell_union,base,F1-A-06,True,True,0.513130609177521,0.4320965154870114,0.08103409369050957,0.4775053116503482,0.3608509675916707,0.11665434405867753,0,0
three_cell_union,base,F1-A-06T,True,True,0.2864740372229788,0.3106719095470073,-0.02419787232402848,0.24483961047734842,0.2598685664711291,-0.01502895599378068,0,0
three_cell_union,base,F1-A-08,True,True,0.33724137412957395,0.29351971318996617,0.043721660939607776,0.2525104171453919,0.2484018133009282,0.00410860384446371,0,0
three_cell_union,base,F1-A-08T,True,True,0.2581869868776905,0.23860408298323424,0.019582903894456244,0.30794256427659944,0.2734517467556067,0.034490817520992756,0,0
three_cell_union,base,F1-A-10,False,True,0.4538273565523433,0.4355960728303788,0.018231283721964475,0.3967656225624429,0.41223786179360206,-0.015472239231159146,0,
three_cell_union,base,F1-A-10T,True,True,0.32520877269547865,0.3587172023050702,-0.03350842960959155,0.2991800145653525,0.3154431097043622,-0.016263095139009698,0,0
three_cell_union,base,F1-A-12,True,True,0.45017932648266257,0.383192966039992,0.06698636044267059,0.4029440124157235,0.34876061590085344,0.05418339651487003,1,0
three_cell_union,base,F1-A-12T,True,True,0.3990248258879609,0.33307409084126816,0.06595073504669274,0.41262275144004856,0.3306415347238303,0.08198121671621827,1,1
three_cell_union,base,F1-A-14,True,True,0.5963215645253541,0.5710187272324476,0.0253028372929065,0.42359295411282416,0.40697361649293395,0.016619337619890207,0,0
three_cell_union,base,F1-A-14T,True,True,0.4390162943713801,0.45545004014015433,-0.01643374576877421,0.49124733169937906,0.43777437256978313,0.05347295912959593,0,1
three_cell_union,base,F1-A-16,True,True,0.25926193757343796,0.31412149095673964,-0.054859553383301674,0.26097998111203147,0.26440960075154607,-0.003429619639514603,0,0
three_cell_union,base,F1-A-16T,True,True,0.4522297071078981,0.31320209356855266,0.13902761353934545,0.36773927705399073,0.2504332926185608,0.11730598443542994,1,0
three_cell_union,base,F1-A-18,True,True,0.19957511400514744,0.18885740716636892,0.010717706838778512,0.2032616105032925,0.1654225560010938,0.03783905450219871,0,0
three_cell_union,base,F1-A-18T,True,True,0.33967616469176687,0.3372778160491228,0.0023983486426440437,0.2459201661257,0.2821378460455898,-0.03621767991988978,0,0
three_cell_union,base,F1-A-20,True,True,0.3293324841063814,0.4186962021444185,-0.08936371803803711,0.3179748273204193,0.3887342819359654,-0.07075945461554606,0,0
three_cell_union,base,F1-A-20T,True,True,0.233387413735948,0.27639997396095367,-0.04301256022500566,0.3353647946357812,0.32026652103472686,0.015098273601054368,0,0
three_cell_union,base,F1-A-22,True,True,0.24355134156889344,0.2919071638003863,-0.048355822231492845,0.15323924287399399,0.17558524620940905,-0.02234600333541506,0,0
three_cell_union,base,F1-A-22T,False,False,0.3961634587972248,0.3896230602664096,0.006540398530815228,0.41756928650620295,0.37556963822787504,0.04199964827832792,0,0
three_cell_union,base,F1-A-24,True,True,0.3025805833537797,0.3260485543758631,-0.023467971022083423,0.16076335664360536,0.2347320244853236,-0.07396866784171824,0,0
three_cell_union,base,F1-A-24T,True,True,0.3092107940936644,0.3288204613364765,-0.0196096672428121,0.28353755193571284,0.29620870860680837,-0.01267115667109553,0,0
three_cell_union,base,F1-A-26,True,True,0.37502807912900227,0.3720053680852927,0.0030227110437095472,0.3551993528748837,0.3788276317003212,-0.0236282788254375,0,0
three_cell_union,base,F1-A-26T,True,True,0.4269612813994508,0.2757842703533784,0.1511770110460724,0.4231745543915028,0.29842222095068305,0.12475233344081976,0,1
three_cell_union,base,F1-A-28,False,True,0.25747539521654744,0.3002171843334692,-0.04274178911692178,0.24298498336839483,0.27203051320768723,-0.0290455298392924,0,0
three_cell_union,base,F1-A-28T,True,True,0.4515440615049612,0.5358406749107514,-0.0842966134057902,0.3129448731704392,0.39302123012159185,-0.08007635695115267,0,0
three_cell_union,base,F1-A-30,True,True,0.29749236982046945,0.2580283332267257,0.039464036593743756,0.19997191445858975,0.14834829247857348,0.05162362198001627,0,0
three_cell_union,base,F1-A-30T,True,True,0.1988727755927908,0.19381347779193775,0.005059297800853041,0.1783349983359092,0.2254346007279704,-0.04709960239206118,0,0
three_cell_union,base,F1-A-32,True,True,0.3603244585440233,0.22176602991703728,0.138558428626986,0.3435106589253567,0.2815170533006607,0.061993605624696024,1,0
three_cell_union,base,F1-A-32T,True,True,0.29162553427682125,0.31419992006020037,-0.022574385783379114,0.27931998361555976,0.2373785097941469,0.04194147382141286,0,0
three_cell_union,base,F1-A-34,True,True,0.36059050225706524,0.36877894013979773,-0.008188437882732491,0.27721892090206324,0.3007854317942574,-0.023566510892194137,0,0
three_cell_union,base,F1-A-34T,True,True,0.2709554662260112,0.24746821255172285,0.023487253674288333,0.26104566566518667,0.24626678913020453,0.014778876534982138,0,0
three_cell_union,base,F1-A-36,True,True,0.298783287572993,0.3239456706886443,-0.025162383115651332,0.2233481911237128,0.2385888401287157,-0.01524064900500291,0,0
three_cell_union,base,F1-A-36T,True,True,0.2624585438057685,0.39972717661262824,-0.13726863280685975,0.21987094636942067,0.30713120185744536,-0.08726025548802469,,0
three_cell_union,base,F1-A-38,True,True,0.5349809844634029,0.4799844393833931,0.05499654508000984,0.4499980931625589,0.36071544659514315,0.08928264656741575,0,0
three_cell_union,base,F1-A-38T,True,True,0.26502103671851457,0.2621065345773457,0.0029145021411688954,0.35224335702681164,0.37398774143499136,-0.021744384408179718,0,0
three_cell_union,base,F1-A-40,True,True,0.2967369483178338,0.31816099744452037,-0.02142404912668655,0.23193288440202017,0.23879656184466852,-0.006863677442648347,0,0
three_cell_union,base,F1-A-40T,True,True,0.4212821692054863,0.36214846334038225,0.059133705865104025,0.42668136599033485,0.402383773958057,0.024297592032277826,1,0
three_cell_union,base,F1-A-42,True,True,0.47972488547712033,0.29385942278025123,0.1858654626968691,0.40583152950726664,0.2564009294440849,0.14943060006318176,1,0
three_cell_union,base,F1-A-42T,True,True,0.4144579409696297,0.381829847724753,0.0326280932448767,0.39143095400233957,0.34709981303524134,0.044331140967098226,1,1
three_cell_union,base,F1-A-44,False,True,0.32628252060890545,0.3137208319579124,0.012561688650993053,0.3605041361238387,0.3663072971018092,-0.005803160977970512,0,0
three_cell_union,base,F1-A-44T,True,True,0.3445440470403794,0.26505171460075816,0.07949233243962123,0.3315752565540827,0.2933538892079866,0.0382213673460961,0,0
three_cell_union,base,F1-A-46,True,True,0.35538260329330035,0.23925687361804945,0.1161257296752509,0.16601328824852438,0.16217563319861605,0.003837655049908323,0,0
three_cell_union,base,F1-A-46T,True,True,0.19427203529869147,0.27343588495103666,-0.07916384965234519,0.15171449312815333,0.24133873352900398,-0.08962424040085065,0,0
three_cell_union,base,F1-A-48,False,True,0.19564428506884948,0.30800165651833267,-0.11235737144948318,0.21038433280614777,0.2749289511512898,-0.06454461834514202,0,0
three_cell_union,base,F1-A-48T,True,True,0.5039578465961769,0.426071970873434,0.07788587572274291,0.41759211623746895,0.37294165472120355,0.044650461516265394,0,
three_cell_union,base,F1-A-50,True,True,0.15651792070518328,0.15322295119534277,0.003294969509840512,0.16134363907606744,0.1555800962137212,0.005763542862346233,0,0
three_cell_union,base,F1-A-50T,True,True,0.29413659540180914,0.22321090154597892,0.07092569385583022,0.164260525811618,0.21561482096312423,-0.05135429515150622,0,0
three_cell_union,base,F1-A-52,True,True,0.3329532308399408,0.2970787390208412,0.035874491819099574,0.27712790188633857,0.28231924955138826,-0.005191347665049695,1,0
three_cell_union,base,F1-A-52T,True,True,0.37036567077994387,0.3473916626794793,0.02297400810046457,0.2677113051436526,0.2701126404904418,-0.002401335346789213,0,0
three_cell_union,base,F1-A-54,True,True,0.24997297883109268,0.23524804875534633,0.01472493007574635,0.19715626894035748,0.21759421692515823,-0.020437947984800753,0,0
three_cell_union,base,F1-A-54T,True,True,0.3289914008743303,0.3890607005780721,-0.06006929970374181,0.46974926451558685,0.5026377124682905,-0.032888447952703626,0,0
three_cell_union,base,F1-B-01,True,True,0.5297186105994534,0.4558568434722766,0.07386176712717674,0.33203325719140075,0.2759946834259603,0.05603857376544047,0,0
three_cell_union,base,F1-B-01T,True,True,0.2136963663547204,0.18196868057006182,0.031727685784658566,0.16158931283926029,0.14264380772628377,0.01894550511297652,0,0
three_cell_union,base,F1-B-03,True,True,0.1828027404184019,0.1682959521083379,0.014506788310063995,0.13363871761694782,0.13124547018038138,0.002393247436566437,0,0
three_cell_union,base,F1-B-03T,True,True,0.48221721446345445,0.4749576027276393,0.00725961173581513,0.43858351614248997,0.44128891081652577,-0.0027053946740357993,0,0
three_cell_union,base,F1-B-05,True,True,0.4424819116140406,0.3163096221829452,0.12617228943109537,0.20990973070017868,0.1748163274534533,0.035093403246725385,0,0
three_cell_union,base,F1-B-05T,True,True,0.19373963019085333,0.19740508936934656,-0.00366545917849323,0.1223419450568893,0.1868975666144503,-0.064555621557561,0,0
three_cell_union,base,F1-B-07,True,True,0.19023833269271728,0.21379187927253124,-0.023553546579813955,0.13095338079107496,0.16681836955148782,-0.03586498876041286,0,0
three_cell_union,base,F1-B-07T,True,True,0.3266554286748004,0.3111577469008013,0.015497681773999128,0.23961564794914864,0.2055228437022345,0.03409280424691413,0,0
three_cell_union,base,F1-B-09,True,True,0.1759473209544073,0.2094104985346828,-0.033463177580275505,0.1658130984698825,0.19557555397537102,-0.029762455505488533,0,0
three_cell_union,base,F1-B-09T,True,True,0.08520263094170952,0.10636512142807847,-0.02116249048636895,0.11613023896231525,0.12148091793782546,-0.005350678975510212,0,0
three_cell_union,base,F1-B-11,True,True,0.4140796176728317,0.43858024869448814,-0.02450063102165645,0.3597093570883349,0.38798585083893633,-0.028276493750601428,0,0
three_cell_union,base,F1-B-11T,True,True,0.29593074782108014,0.37211576880267894,-0.0761850209815988,0.36359690347520446,0.3933103267311287,-0.029713423255924243,,0
three_cell_union,base,F1-B-13,True,True,0.12650137736496475,0.1476575896026955,-0.02115621223773076,0.11552057237833964,0.12839527955119218,-0.012874707172852537,0,0
three_cell_union,base,F1-B-13T,True,True,0.44521428544707303,0.4132782105148076,0.03193607493226541,0.397613709797559,0.39511311287965784,0.0025005969179011656,0,
three_cell_union,base,F1-B-15,True,True,0.3686556922601939,0.4189668361063971,-0.05031114384620322,0.23145746938155937,0.3158914817235953,-0.08443401234203596,0,0
three_cell_union,base,F1-B-15T,True,True,0.549551845674826,0.4366229498262304,0.11292889584859556,0.36801616381917496,0.35207517241279795,0.015940991406377003,0,0
three_cell_union,base,F1-B-17,True,True,0.27177343562776457,0.2316735498359446,0.04009988579181997,0.23549081624020876,0.19738685158516797,0.03810396465504079,0,0
three_cell_union,base,F1-B-17T,True,True,0.3483633574947038,0.31748266700931754,0.030880690485386275,0.17630863326369564,0.1797816110605889,-0.003472977796893262,0,0
three_cell_union,base,F1-B-19,True,True,0.3185501398159298,0.2407126699728403,0.07783746984308948,0.12816085508572816,0.1349433674279972,-0.006782512342269037,0,0
three_cell_union,base,F1-B-19T,True,True,0.7840253332643436,0.7777177845981362,0.006307548666207419,0.6666851571349164,0.7380840426547592,-0.07139888551984286,0,0
three_cell_union,base,F1-B-21,True,True,0.46869801852966586,0.4495128272806803,0.019185191248985545,0.49139688911374213,0.48799351555973935,0.0034033735540027754,0,0
three_cell_union,base,F1-B-21T,True,True,0.38769225840371024,0.41375339062595207,-0.026061132222241823,0.4500446643466658,0.36581477189682443,0.08422989244984136,0,1
three_cell_union,base,F1-B-23,True,True,0.21590942015866044,0.20176551275897547,0.014143907399684963,0.19409307462087713,0.19720123224674685,-0.0031081576258697174,0,0
three_cell_union,base,F1-B-23T,True,True,0.3531109944987238,0.2876623192629595,0.06544867523576431,0.2657972568528417,0.2558620640840969,0.009935192768744827,0,0
three_cell_union,base,F1-B-25,True,True,0.3027105340382663,0.31073457217617073,-0.008024038137904421,0.29225240710986444,0.2826377170818305,0.009614690028033945,0,0
three_cell_union,base,F1-B-25T,True,True,0.6369731923287228,0.6899740762539036,-0.053000883925180764,0.5788100456377347,0.6267012033213721,-0.047891157683637386,0,0
three_cell_union,base,F1-B-27,True,True,0.12928318756785137,0.11505318146426056,0.014230006103590806,0.13501042650249653,0.1349372115904758,7.321491202072483e-05,0,0
three_cell_union,base,F1-B-27T,True,True,0.2691384982715176,0.2217574890688474,0.04738100920267019,0.25074505924722884,0.2007400161175029,0.05000504312972595,0,0
three_cell_union,base,F1-B-29,True,True,0.3146441864631331,0.22783941174614392,0.08680477471698916,0.248498228849919,0.19950564537709498,0.048992583472824036,0,0
three_cell_union,base,F1-B-29T,True,True,0.2761615434080672,0.20305029040341077,0.07311125300465643,0.28951177129975014,0.20248497583425323,0.08702679546549691,0,0
three_cell_union,base,F1-B-31,True,True,0.14594546184727364,0.10741690756757474,0.038528554279698896,0.11388271985237886,0.11288515449632755,0.0009975653560513054,0,0
three_cell_union,base,F1-B-31T,True,True,0.5111896359034479,0.45338913833621197,0.05780049756723593,0.47332589538446296,0.42859215754039237,0.04473373784407059,0,1
three_cell_union,base,F1-B-33,True,True,0.5010357393436231,0.4744483546092615,0.02658738473436162,0.3896358690506534,0.38717405955182177,0.002461809498831624,0,0
three_cell_union,base,F1-B-33T,True,True,0.2673144307160946,0.32365491237698907,-0.05634048166089445,0.22376573888879242,0.2701013821234067,-0.046335643234614254,0,0
three_cell_union,base,F1-B-35,True,True,0.5932467588204868,0.5088074645635585,0.08443929425692831,0.6070175255976681,0.566496462788718,0.04052106280895007,0,0
three_cell_union,base,F1-B-35T,True,True,0.5154300503339775,0.4337066767419529,0.08172337359202458,0.4091040636464126,0.3630778751280578,0.04602618851835483,0,0
three_cell_union,base,F1-B-37,True,True,0.295742713758088,0.23199631989210345,0.06374639386598457,0.2487075057548307,0.22482612421597675,0.02388138153885394,0,0
three_cell_union,base,F1-B-37T,True,True,0.5699932100398113,0.3914243693070302,0.17856884073278112,0.4669736473108231,0.286431665612031,0.1805419816987921,0,1
three_cell_union,base,F1-B-39,True,True,0.23083210050354788,0.28640044011583465,-0.05556833961228677,0.2729598947674009,0.3106548340434311,-0.03769493927603018,0,0
three_cell_union,base,F1-B-39T,True,True,0.49770732100838744,0.4818906067749427,0.015816714233444717,0.5827082192685221,0.5566447531314493,0.026063466137072777,0,0
three_cell_union,base,F1-B-41,True,True,0.26847965079328984,0.239118580125384,0.02936107066790583,0.20263879641538063,0.20940950197761693,-0.006770705562236301,0,0
three_cell_union,base,F1-B-41T,True,True,0.4235799576527136,0.26268245545116486,0.16089750220154875,0.18254906022217618,0.15054602457774974,0.03200303564442644,0,0
three_cell_union,base,F1-B-43,True,True,0.43643993939621795,0.4020911319934858,0.03434880740273216,0.2828719314592616,0.29566586178494847,-0.012793930325686875,1,0
three_cell_union,base,F1-B-43T,True,True,0.11509115776676507,0.08215763713546216,0.03293352063130291,0.10792121569567123,0.08290357888887684,0.02501763680679439,0,0
three_cell_union,base,F1-B-45,True,True,0.343190978599607,0.2302454920927818,0.1129454865068252,0.30684803431341734,0.21430618057901388,0.09254185373440346,0,0
three_cell_union,base,F1-B-45T,True,True,0.47314139122148235,0.5058360397646208,-0.032694648543138416,0.3501980231724166,0.3500353426690115,0.00016268050340512152,0,0
three_cell_union,base,F1-B-47,True,True,0.3918285273191099,0.3931387063664089,-0.0013101790472990205,0.4200952742989288,0.42066156290515433,-0.0005662886062255401,,0
three_cell_union,base,F1-B-47T,True,True,0.30216732560812143,0.306013336422943,-0.0038460108148215544,0.23304994804436358,0.3090842178501467,-0.07603426980578315,0,0
three_cell_union,base,F1-B-49,True,True,0.1938865593606331,0.16234440490542656,0.03154215445520653,0.23471170900443075,0.16797753929407014,0.06673416971036061,0,0
three_cell_union,base,F1-B-49T,True,True,0.38031742222742404,0.38259648767157406,-0.002279065444150019,0.2581307856187088,0.24777142691659904,0.010359358702109744,0,0
three_cell_union,base,F1-B-51,True,True,0.26410451450237193,0.23959013946232355,0.024514375040048386,0.1926394792735179,0.1966455067992346,-0.004006027525716688,0,0
three_cell_union,base,F1-B-51T,True,True,0.23383920189967516,0.2360320852717211,-0.0021928833720459284,0.2028978288590007,0.21519252209254355,-0.012294693233542847,0,0
three_cell_union,base,F1-B-53,True,True,0.25835538918985035,0.29334121990875345,-0.0349858307189031,0.22090762064419553,0.2646919498540988,-0.043784329209903244,0,0
three_cell_union,base,F1-B-53T,True,True,0.19146882625809597,0.1614196800180252,0.030049146240070768,0.16182537682488657,0.13897194737633906,0.022853429448547513,0,0
three_cell_union,base,F1-B-55,True,True,0.3535075330708405,0.3079788129391783,0.045528720131662204,0.280717227333617,0.23801282861236142,0.04270439872125556,0,0
three_cell_union,base,F1-B-55T,True,True,0.4109884541906178,0.3812822724289775,0.029706181761640305,0.3858594332081615,0.36758184320193105,0.01827759000623047,0,0
three_cell_union,base,F2-A-00,False,False,0.11251097389292031,0.29249237955111035,-0.17998140565819004,0.10192146464486486,0.2802783917506638,-0.17835692710579898,0,0
three_cell_union,base,F2-A-02,True,True,0.09293977934986206,0.13324433459494356,-0.0403045552450815,0.1065625685868272,0.11189745049038691,-0.005334881903559713,0,0
three_cell_union,base,F2-A-04,False,False,0.18908984399551018,0.26884618403446753,-0.07975634003895735,0.15898004300627358,0.22626986946080663,-0.06728982645453305,0,0
three_cell_union,base,F2-A-06,False,True,0.07340158769397218,0.08886045772842432,-0.015458870034452149,0.07116247169599807,0.08783042162216234,-0.01666794992616427,0,0
three_cell_union,base,F2-A-08,True,True,0.12255186008343495,0.17134264965722878,-0.04879078957379383,0.13755183471271254,0.1560427913257649,-0.01849095661305236,0,0
three_cell_union,base,F2-A-10,True,True,0.17492090865797744,0.22837727170602484,-0.053456363048047406,0.1131915930433682,0.2063167325199139,-0.09312513947654569,0,0
three_cell_union,base,F2-A-12,True,True,0.018735555024739198,0.028688870798399265,-0.009953315773660067,0.009847589258582534,0.023496710089684167,-0.013649120831101633,0,0
three_cell_union,base,F2-A-14,True,True,0.01726332170789889,0.03606783733911238,-0.018804515631213492,0.021106999928843666,0.05138059178725201,-0.030273591858408343,0,0
three_cell_union,base,F2-A-16,False,True,0.050066257866729524,0.2560445530950232,-0.2059782952282937,0.024291084717318806,0.09050732373355032,-0.06621623901623151,0,0
three_cell_union,base,F2-A-18,True,True,0.0933464363180822,0.22862797032508148,-0.13528153400699927,0.05036237988329881,0.14092093655914278,-0.09055855667584398,0,0
three_cell_union,base,F2-A-20,True,True,0.26088872501764043,0.20519947299003466,0.05568925202760577,0.2835855277169159,0.2276320722737955,0.055953455443120415,0,0
three_cell_union,base,F2-A-22,False,True,0.02156596405231682,0.09851760088931938,-0.07695163683700255,0.017281727983236038,0.09378372531502185,-0.07650199733178581,0,0
three_cell_union,base,F2-A-24,False,False,0.28745096043659923,0.28377153710876096,0.0036794233278382715,0.1474459837974938,0.23575495370505073,-0.08830896990755693,0,0
three_cell_union,base,F2-A-26,True,True,0.07717442829315332,0.05464067517111244,0.02253375312204088,0.09419960624066764,0.07346497919947245,0.02073462704119519,0,0
three_cell_union,base,F2-A-28,False,False,0.09690088886338542,0.07201019278076407,0.024890696082621358,0.10015021448848882,0.11308039229637958,-0.012930177807890755,0,0
three_cell_union,base,F2-A-30,True,True,0.01923428267106392,0.03615288578236049,-0.01691860311129657,0.01472160102220221,0.036240601639815226,-0.021519000617613016,0,0
three_cell_union,base,F2-A-32,True,True,0.30736051998096414,0.4414865457846662,-0.13412602580370203,0.330399358086039,0.4366862198412258,-0.10628686175518681,0,0
three_cell_union,base,F2-A-34,False,False,0.03690861901109786,0.15693183847550923,-0.12002321946441137,0.0329511139257646,0.11186588878413903,-0.07891477485837442,0,0
three_cell_union,base,F2-A-36,True,False,0.03204422767845859,0.03840913768805864,-0.006364910009600051,0.03212613004119171,0.048942090628459,-0.016815960587267288,0,0
three_cell_union,base,F2-A-38,True,True,0.14708620100239583,0.13071063770236985,0.016375563300025986,0.16908852340441133,0.13892908511714416,0.030159438287267165,0,0
three_cell_union,base,F2-B-01,True,True,0.015164304361649741,0.025388740647629443,-0.010224436285979702,0.013705300513390192,0.03028333872125775,-0.01657803820786756,0,0
three_cell_union,base,F2-B-03,True,True,0.3162223384736266,0.2881707773654232,0.028051561108203393,0.2100242504948574,0.2140595063893344,-0.004035255894477008,0,0
three_cell_union,base,F2-B-05,False,False,0.20274572220867138,0.17949220918238223,0.02325351302628914,0.11019071572223765,0.15355902776672725,-0.0433683120444896,0,0
three_cell_union,base,F2-B-07,False,False,0.15272882817959904,0.18726409364120283,-0.03453526546160379,0.12552342790785345,0.16167192676020142,-0.03614849885234797,0,0
three_cell_union,base,F2-B-09,False,False,0.15417274417483565,0.2187776492544987,-0.06460490507966304,0.183747774933047,0.17258207376797335,0.01116570116507365,0,0
three_cell_union,base,F2-B-11,True,True,0.05610407838804937,0.1616055149853921,-0.10550143659734273,0.030773278631230454,0.10644429672496294,-0.07567101809373249,0,0
three_cell_union,base,F2-B-13,True,False,0.0583846347450087,0.045961613929621094,0.012423020815387605,0.02894750706010682,0.03606362095499466,-0.007116113894887838,0,0
three_cell_union,base,F2-B-15,True,True,0.04635178260398069,0.09091612432150822,-0.04456434171752753,0.03157478329878714,0.06019512448217791,-0.02862034118339077,0,0
three_cell_union,base,F2-B-17,False,False,0.21574125450394918,0.1435519630235636,0.07218929148038558,0.10869173103447846,0.1445394800274476,-0.035847748992969136,0,0
three_cell_union,base,F2-B-19,True,True,0.08767404429079514,0.11266686116006353,-0.02499281686926838,0.091948750693534,0.12687964099601712,-0.034930890302483114,0,0
three_cell_union,base,F2-B-21,True,True,0.066410158198686,0.09722470098867161,-0.03081454278998562,0.04924211114975714,0.11935919821049876,-0.07011708706074161,0,0
three_cell_union,base,F2-B-23,True,True,0.1743817668876057,0.1296384264090831,0.0447433404785226,0.13439399068089963,0.06691573919774112,0.06747825148315852,0,0
three_cell_union,base,F2-B-25,True,False,0.23940574829963746,0.15439073587189062,0.08501501242774684,0.22207372517959476,0.1563980466324578,0.06567567854713696,0,0
three_cell_union,base,F2-B-27,True,True,0.5067766072502055,0.3757809005782476,0.13099570667195787,0.4949514670808492,0.29735703660391766,0.19759443047693154,0,0
three_cell_union,base,F2-B-29,True,True,0.06097462223492284,0.11582865685151889,-0.05485403461659605,0.0544740607915241,0.06355358097843053,-0.009079520186906428,0,0
three_cell_union,base,F2-B-31,True,True,0.10238455522898605,0.18774241117958626,-0.0853578559506002,0.06764107488806961,0.11889207323471766,-0.05125099834664805,0,0
three_cell_union,base,F2-B-33,False,True,0.11866916026191793,0.1657682360496136,-0.04709907578769568,0.05682553750452215,0.10074904450775825,-0.0439235070032361,0,0
three_cell_union,base,F2-B-35,True,True,0.35654495799468733,0.2726274685902893,0.08391748940439803,0.26436737712467684,0.20427538549604196,0.06009199162863488,0,0
three_cell_union,base,F2-B-37,True,True,0.03071946674691479,0.0689872303650901,-0.0382677636181753,0.02070153926136591,0.05656742623718774,-0.035865886975821826,0,0
three_cell_union,base,F2-B-39,True,True,0.2443519487309588,0.3325734329986583,-0.08822148426769952,0.12219869893694843,0.21411777338766305,-0.09191907445071462,0,0
three_cell_union,base,F3-A-00,True,True,0.551854029358501,0.36622383914005785,0.18563019021844318,0.48868704103457034,0.29005375858841353,0.1986332824461568,0,1
three_cell_union,base,F3-A-00T,True,True,0.2127142473509861,0.25547538957214766,-0.04276114222116156,0.226177498980627,0.22416974622992783,0.002007752750699171,0,0
three_cell_union,base,F3-A-02,True,True,0.40747571386799686,0.27811079852768433,0.12936491534031253,0.3838203397995316,0.3046881910083258,0.07913214879120584,1,1
three_cell_union,base,F3-A-02T,True,True,0.6489352626483971,0.49392262596114445,0.15501263668725263,0.5823760374613536,0.43665349455432023,0.14572254290703335,0,0
three_cell_union,base,F3-A-04,True,True,0.6716794584828847,0.46287456988136155,0.20880488860152313,0.5281602204693931,0.37771700573165035,0.1504432147377428,0,1
three_cell_union,base,F3-A-04T,True,True,0.4124312893972089,0.38054350065765086,0.031887788739558054,0.2870126714460263,0.29281946208104154,-0.005806790635015213,0,0
three_cell_union,base,F3-A-06,True,True,0.4511240427596455,0.31236888356159886,0.13875515919804665,0.3563260653085011,0.31443017178332433,0.04189589352517675,1,0
three_cell_union,base,F3-A-06T,True,True,0.17386240420557558,0.1704332307462876,0.0034291734592879763,0.12234142204699558,0.15742075379522,-0.03507933174822442,0,0
three_cell_union,base,F3-A-08,True,True,0.49106107149858746,0.4750811177311279,0.015979953767459587,0.48734429543070945,0.4418019242200922,0.04554237121061727,1,1
three_cell_union,base,F3-A-08T,True,True,0.37110413459473246,0.3944101148838752,-0.023305980289142714,0.3548469318595952,0.42793284825317407,-0.07308591639357886,1,
three_cell_union,base,F3-A-10,True,True,0.3648509099400309,0.41493080631072815,-0.05007989637069726,0.35066207523753384,0.3900878071018783,-0.03942573186434445,,0
three_cell_union,base,F3-A-10T,True,True,0.47935891430517785,0.3506505699910226,0.12870834431415523,0.3118761842896459,0.2665843784595404,0.0452918058301055,0,0
three_cell_union,base,F3-A-12,True,True,0.3487577369768433,0.1925581291674669,0.15619960780937642,0.29934431185649485,0.19246499505033088,0.10687931680616397,1,0
three_cell_union,base,F3-A-12T,True,True,0.2709464072719,0.2419633283933174,0.02898307887858259,0.28871292590168207,0.27375933336215125,0.014953592539530824,0,0
three_cell_union,base,F3-A-14,True,True,0.4562795228662237,0.3710275194050538,0.0852520034611699,0.38880096401001696,0.34024291449695954,0.04855804951305742,0,1
three_cell_union,base,F3-A-14T,True,True,0.24458059256490328,0.18310925491011432,0.06147133765478896,0.21690046602094182,0.17782221077042593,0.03907825525051589,0,0
three_cell_union,base,F3-A-16,True,True,0.20522517140781066,0.14815726560813125,0.05706790579967941,0.12097654547977596,0.14576940810533173,-0.024792862625555773,0,0
three_cell_union,base,F3-A-16T,True,True,0.6138298298190409,0.29285921804274667,0.3209706117762942,0.401658687073597,0.28616228694815027,0.11549640012544671,1,1
three_cell_union,base,F3-A-18,True,True,0.31757299184455406,0.2699663353186348,0.04760665652591928,0.27639388582417734,0.2857873798681207,-0.009393494043943351,0,0
three_cell_union,base,F3-A-18T,True,True,0.09193284361460745,0.11484506936763735,-0.022912225753029897,0.10615488813396087,0.14472064900820253,-0.038565760874241656,0,0
three_cell_union,base,F3-A-20,True,True,0.488307869313081,0.395989824854892,0.09231804445818903,0.49359183864779643,0.39174715667055215,0.10184468197724428,1,0
three_cell_union,base,F3-A-20T,False,False,0.34757157634119556,0.31339447565046785,0.03417710069072771,0.33325900681890963,0.3266578401955539,0.0066011666233557476,0,0
three_cell_union,base,F3-A-22,True,True,0.18553530102755983,0.2760447178893003,-0.09050941686174047,0.20680099077804578,0.284740553371921,-0.07793956259387522,0,0
three_cell_union,base,F3-A-22T,True,True,0.18268531593203946,0.19330732661891714,-0.010622010686877681,0.1452362820160245,0.18749192188907376,-0.042255639873049256,0,0
three_cell_union,base,F3-A-24,True,True,0.232639496283953,0.19610387784094593,0.03653561844300707,0.23308775327925557,0.19920510025080027,0.033882653028455306,0,0
three_cell_union,base,F3-A-24T,True,True,0.15014091264426177,0.18882266379099844,-0.038681751146736665,0.1439835608806404,0.1784540143837706,-0.03447045350313019,0,0
three_cell_union,base,F3-A-26,True,True,0.17839690408956513,0.1346697351300232,0.04372716895954193,0.19049018450375266,0.1520958227422597,0.03839436176149297,0,0
three_cell_union,base,F3-A-26T,True,True,0.3258243400845834,0.35774613118431986,-0.031921791099736474,0.31826818875026786,0.32893839231281263,-0.010670203562544778,0,0
three_cell_union,base,F3-A-28,True,True,0.4497752518679129,0.38528882524704,0.0644864266208729,0.3738067597433685,0.3548916503895412,0.018915109353827342,1,0
three_cell_union,base,F3-A-28T,True,True,0.3142685747822168,0.2833287045007594,0.030939870281457393,0.3013720768523493,0.26304469273249736,0.038327384119851926,0,0
three_cell_union,base,F3-A-30,True,True,0.48003371516151505,0.3816328060662947,0.09840090909522037,0.5132462851000495,0.39279021389166713,0.12045607120838242,1,1
three_cell_union,base,F3-A-30T,True,True,0.2653754941262736,0.29502866315099063,-0.02965316902471704,0.25805864015191526,0.27593955388582136,-0.0178809137339061,0,0
three_cell_union,base,F3-A-32,False,False,0.573604462715412,0.5107224789805915,0.06288198373482046,0.5966987661045111,0.4977486709027241,0.09895009520178699,0,0
three_cell_union,base,F3-A-32T,True,True,0.6282076373423309,0.5607268603114911,0.06748077703083977,0.38088611717728493,0.5026367927629356,-0.12175067558565067,0,1
three_cell_union,base,F3-A-34,True,True,0.2362087487391312,0.18735120393598706,0.04885754480314414,0.1814042912161811,0.18608573088861546,-0.004681439672434368,0,0
three_cell_union,base,F3-A-34T,True,True,0.5052382850078732,0.2779453687290596,0.22729291627881354,0.317618980963015,0.2132736717265919,0.1043453092364231,1,0
three_cell_union,base,F3-A-36,True,True,0.4460692649658238,0.42561137011144284,0.02045789485438093,0.4717620639640038,0.42467078746666065,0.047091276497343126,0,0
three_cell_union,base,F3-A-36T,True,True,0.18314217474327366,0.2131053842283388,-0.029963209485065145,0.17486619475310572,0.18993590668386884,-0.015069711930763119,0,0
three_cell_union,base,F3-A-38,True,True,0.586922749392652,0.27149828950450206,0.31542445988814993,0.4884192349758558,0.35672887943958,0.13169035553627584,1,1
three_cell_union,base,F3-A-38T,True,True,0.5720311987987527,0.32195755080941924,0.2500736479893335,0.5201080890930123,0.39581666604458077,0.12429142304843155,1,1
three_cell_union,base,F3-A-40,True,True,0.4352655877718511,0.3606230914830231,0.07464249628882802,0.42202880892903594,0.343936941366186,0.07809186756284991,1,1
three_cell_union,base,F3-A-40T,True,True,0.12114093455036991,0.14642111762890334,-0.025280183078533427,0.1019062076198379,0.1432052141415996,-0.04129900652176169,0,0
three_cell_union,base,F3-A-42,True,True,0.5550343608186559,0.4275607504472981,0.1274736103713578,0.4798367924937836,0.3581516668545145,0.12168512563926909,0,1
three_cell_union,base,F3-A-42T,True,True,0.15241286745118549,0.13943721139941526,0.012975656051770229,0.17373665421972,0.14218567565178675,0.03155097856793326,0,0
three_cell_union,base,F3-A-44,True,True,0.4631951155270826,0.364631826277691,0.09856328924939162,0.40183757290792294,0.3670398948799378,0.03479767802798511,1,0
three_cell_union,base,F3-A-44T,True,True,0.43457026748370065,0.29457806159570904,0.1399922058879916,0.4245124912241036,0.29323134634264664,0.13128114488145698,1,0
three_cell_union,base,F3-A-46,True,True,0.3018630607869879,0.28403252913608895,0.01783053165089893,0.29580970328726075,0.2713646818901349,0.024445021397125843,0,0
three_cell_union,base,F3-A-46T,True,True,0.38575307831758787,0.36203392612208374,0.023719152195504134,0.4339252687443879,0.3660418624943245,0.0678834062500634,,0
three_cell_union,base,F3-A-48,True,True,0.49357862698926896,0.393724598385161,0.09985402860410797,0.4826129717623121,0.3947615827539662,0.08785138900834588,1,0
three_cell_union,base,F3-A-48T,True,True,0.40235498541501985,0.29686785094149426,0.10548713447352559,0.40407828197821954,0.3401342515317345,0.06394403044648506,1,1
three_cell_union,base,F3-A-50,True,True,0.2197124570755955,0.1786917432201947,0.04102071385540079,0.13158509194355242,0.1294148364993637,0.0021702554441887234,0,0
three_cell_union,base,F3-A-50T,True,True,0.5047460514209274,0.34183267139715184,0.1629133800237756,0.46767647319410743,0.3789357383407889,0.08874073485331851,1,1
three_cell_union,base,F3-A-52,True,True,0.47099775521635523,0.4099255483839688,0.061072206832386455,0.2110033262144958,0.22384787304182682,-0.012844546827331021,0,0
three_cell_union,base,F3-A-52T,True,True,0.34554660958083083,0.24498680676112244,0.10055980281970839,0.2568666699542886,0.24026870571579226,0.016597964238496327,0,0
three_cell_union,base,F3-A-54,True,True,0.2941200562521013,0.24707345144215945,0.047046604809941855,0.31241228366833806,0.2408480879278454,0.07156419574049266,0,0
three_cell_union,base,F3-A-54T,True,True,0.426246225826427,0.38853873745617046,0.03770748837025656,0.34222412619986886,0.3387318483624262,0.003492277837442659,0,0
three_cell_union,base,F3-B-01,True,True,0.274993712044413,0.24218487617047663,0.03280883587393635,0.29052161248191477,0.25020836829137244,0.04031324419054233,0,0
three_cell_union,base,F3-B-01T,True,True,0.4569217788224682,0.356476844568563,0.10044493425390522,0.35617632268525173,0.36001234371366564,-0.003836021028413905,1,0
three_cell_union,base,F3-B-03,True,True,0.4903315387135503,0.4171864343830771,0.07314510433047317,0.2503802768708357,0.25505785057749486,-0.004677573706659166,0,0
three_cell_union,base,F3-B-03T,True,True,0.3066484813680558,0.292733599250795,0.013914882117260774,0.25156633675273227,0.2550899229315061,-0.003523586178773852,0,0
three_cell_union,base,F3-B-05,True,True,0.6400306087373737,0.5904147470731962,0.04961586166417753,0.6085496308389555,0.5394427167740472,0.06910691406490832,0,0
three_cell_union,base,F3-B-05T,True,True,0.6199583414597527,0.5281512948213121,0.09180704663844064,0.5791000247468582,0.5120932528040123,0.06700677194284588,0,0
three_cell_union,base,F3-B-07,True,True,0.5054514942053042,0.35744475242057827,0.14800674178472595,0.35930541312866554,0.2433439823437663,0.11596143078489923,1,0
three_cell_union,base,F3-B-07T,True,True,0.31227551954680455,0.293999322721827,0.018276196824977553,0.26792651892077046,0.2528701908481211,0.015056328072649339,0,0
three_cell_union,base,F3-B-09,True,True,0.2349722017648895,0.22911285186949398,0.005859349895395521,0.23311129073861736,0.2347066534624215,-0.0015953627238041446,0,0
three_cell_union,base,F3-B-09T,True,True,0.2932936556329082,0.27309274812103074,0.020200907511877475,0.32005876248636733,0.2799671404638122,0.04009162202255512,0,0
three_cell_union,base,F3-B-11,True,True,0.481448420541315,0.3960732657322095,0.08537515480910546,0.4360086421119267,0.3259790732895802,0.11002956882234649,0,0
three_cell_union,base,F3-B-11T,True,True,0.6065229140987203,0.41207381252171515,0.19444910157700512,0.4253105657894913,0.27915979410809777,0.1461507716813935,1,1
three_cell_union,base,F3-B-13,True,True,0.6115711049338176,0.43417492923926904,0.17739617569454857,0.5873487357411419,0.4572610942665931,0.13008764147454877,0,0
three_cell_union,base,F3-B-13T,True,True,0.3986178299794888,0.3322281207883885,0.06638970919110032,0.3081814464094316,0.26560735471674934,0.04257409169268228,0,0
three_cell_union,base,F3-B-15,True,True,0.38525124873022526,0.28137336482850095,0.10387788390172431,0.37253828558258717,0.31001190562394665,0.06252637995864052,0,0
three_cell_union,base,F3-B-15T,True,True,0.30017755946157104,0.2990077346125909,0.00116982484898015,0.22527486642331018,0.27302867542751574,-0.04775380900420556,0,0
three_cell_union,base,F3-B-17,True,True,0.6532893374408717,0.561162729191338,0.09212660824953367,0.554099677084583,0.4549613692454081,0.09913830783917488,0,0
three_cell_union,base,F3-B-17T,True,True,0.40466456969790965,0.274713980177943,0.12995058951996663,0.37044807671214275,0.24095977871191954,0.1294882980002232,1,1
three_cell_union,base,F3-B-19,True,True,0.360102291862628,0.3349394535562057,0.025162838306422297,0.24625495023225064,0.22345177883724737,0.022803171395003263,0,0
three_cell_union,base,F3-B-19T,True,True,0.47619265259717114,0.40366128890231784,0.0725313636948533,0.31479494525896773,0.2996026722627026,0.015192272996265133,0,0
three_cell_union,base,F3-B-21,True,True,0.4531731421504124,0.3582475354749006,0.09492560667551175,0.3057333160338459,0.3042080787890862,0.001525237244759725,1,0
three_cell_union,base,F3-B-21T,True,True,0.2842822767273424,0.3037835637185852,-0.019501286991242817,0.2507171890465013,0.26876850794361906,-0.018051318897117752,0,0
three_cell_union,base,F3-B-23,True,True,0.5242768420410557,0.43997481621298773,0.084302025828068,0.3022688003100973,0.26445231038557016,0.03781648992452713,0,0
three_cell_union,base,F3-B-23T,True,True,0.25272164507188144,0.2555926160398635,-0.002870970967982056,0.1648611481111041,0.19744929150519408,-0.03258814339408997,0,0
three_cell_union,base,F3-B-25,True,True,0.3287233232940957,0.314687214059864,0.014036109234231708,0.3459077113394447,0.296728333513461,0.049179377825983694,0,0
three_cell_union,base,F3-B-25T,True,True,0.48107229103717375,0.2556410526873674,0.22543123834980633,0.3996692443817004,0.26246952266452517,0.1371997217171752,1,0
three_cell_union,base,F3-B-27,True,True,0.38006242975599525,0.30847947965807887,0.07158295009791638,0.35073349793290737,0.35238629899477053,-0.0016528010618631628,1,
three_cell_union,base,F3-B-27T,True,True,0.46328848426147257,0.41021369460693985,0.05307478965453272,0.432678613614374,0.3913859699928739,0.04129264362150009,1,1
three_cell_union,base,F3-B-29,True,True,0.4796045359671065,0.33814686973895686,0.14145766622814965,0.4470514782880822,0.30609988419548895,0.14095159409259328,1,0
three_cell_union,base,F3-B-29T,True,True,0.4913027379898967,0.4190615926473875,0.0722411453425092,0.30769045073340845,0.3642195745050134,-0.05652912377160496,1,0
three_cell_union,base,F3-B-31,True,True,0.26610546777201116,0.19103708250701484,0.07506838526499632,0.1340578666886135,0.14478982977060173,-0.010731963081988233,0,0
three_cell_union,base,F3-B-31T,True,True,0.5021280745039207,0.4570211993573695,0.045106875146551206,0.361070263722305,0.3390063664526919,0.02206389726961311,0,1
three_cell_union,base,F3-B-33,True,True,0.6078582298054053,0.5239882197711888,0.08387001003421646,0.18674671518628266,0.3051478165949192,-0.11840110140863652,0,0
three_cell_union,base,F3-B-33T,True,True,0.6694175502884745,0.5016337830528524,0.16778376723562205,0.4739403683743254,0.41938126767345524,0.05455910070087017,0,0
three_cell_union,base,F3-B-35,True,True,0.5183928932805706,0.35741890305370005,0.16097399022687053,0.3692568406741348,0.2887468896188158,0.080509951055319,1,1
three_cell_union,base,F3-B-35T,True,True,0.5420017576942202,0.33042049705091747,0.21158126064330274,0.20052958801969323,0.1839891520602879,0.016540435959405325,1,0
three_cell_union,base,F3-B-37,True,True,0.4062728091585931,0.3464613783895942,0.05981143076899892,0.34368575846136284,0.3305106925662941,0.013175065895068727,0,0
three_cell_union,base,F3-B-37T,True,True,0.5806696074647968,0.5115682438152763,0.06910136364952046,0.43785911463147814,0.37884414919233417,0.059014965439143974,0,1
three_cell_union,base,F3-B-39,True,True,0.3193204049546912,0.2723554563563652,0.046964948598326006,0.2618940396613063,0.25274134351614985,0.009152696145156458,0,0
three_cell_union,base,F3-B-39T,True,True,0.37390093380047495,0.34349107000716045,0.030409863793314507,0.3282255858360673,0.41040032990713576,-0.08217474407106845,0,0
three_cell_union,base,F3-B-41,True,True,0.45427296839786335,0.38309950792202885,0.0711734604758345,0.49768329598796185,0.36151305173584436,0.1361702442521175,0,1
three_cell_union,base,F3-B-41T,True,True,0.40577386996526044,0.3027752597639237,0.10299861020133672,0.5412172925702234,0.31988412170361824,0.2213331708666052,1,1
three_cell_union,base,F3-B-43,True,True,0.168091952287197,0.14758883145721463,0.020503120829982374,0.18321006076460514,0.15409920006454664,0.0291108607000585,0,0
three_cell_union,base,F3-B-43T,True,True,0.5456078441677805,0.44600111810010534,0.09960672606767518,0.6628635459264914,0.5051662670617132,0.15769727886477825,0,0
three_cell_union,base,F3-B-45,True,True,0.5837770797142221,0.4822450798931499,0.1015319998210722,0.585819005189836,0.49926954950910074,0.08654945568073524,0,0
three_cell_union,base,F3-B-45T,True,True,0.3646412014763416,0.3769743869704847,-0.012333185494143084,0.3855847587052047,0.3855126362687043,7.212243650039918e-05,,1
three_cell_union,base,F3-B-47,True,True,0.49335566098651734,0.4274931914890089,0.06586246949750846,0.3039410969301402,0.24738621722195533,0.056554879708184874,0,0
three_cell_union,base,F3-B-47T,True,True,0.5425848515599979,0.40804493435650946,0.13453991720348846,0.4571289658241722,0.39593786160853295,0.061191104215639225,0,0
three_cell_union,base,F3-B-49,True,True,0.5536252258120443,0.30372426575033973,0.2499009600617046,0.44701592912424704,0.2649815885464083,0.18203434057783874,1,1
three_cell_union,base,F3-B-49T,True,True,0.6426906235557129,0.4395556640530832,0.20313495950262972,0.39171925151598663,0.3555268086094625,0.036192442906524125,0,0
three_cell_union,base,F3-B-51,True,True,0.23345783777748555,0.20329773759143416,0.030160100186051392,0.2029231778522452,0.1976819807031799,0.005241197149065291,0,0
three_cell_union,base,F3-B-51T,True,True,0.26757226571178816,0.3061912709437845,-0.03861900523199635,0.29406784300961464,0.2825404254788524,0.011527417530762252,0,0
three_cell_union,base,F3-B-53,True,True,0.22561897469859957,0.20764345449297641,0.017975520205623152,0.2404650666871963,0.21788927705997602,0.02257578962722029,0,0
three_cell_union,base,F3-B-53T,True,True,0.3597364665960493,0.36682603797589264,-0.00708957137984334,0.3244383289659174,0.3096495585873779,0.014788770378539484,0,0
three_cell_union,base,F3-B-55,True,True,0.56531004147994,0.4320101514504976,0.13329989002944242,0.48889183647140577,0.3317053504864492,0.15718648598495655,0,1
three_cell_union,base,F3-B-55T,True,True,0.761465984047655,0.6052154074245475,0.15625057662310748,0.7715982557226271,0.5861664157771125,0.1854318399455146,0,0
three_cell_union,base,F4-A-00,False,True,0.36601381869551564,0.3211595448151421,0.04485427388037355,0.2650688021667288,0.2620456195213875,0.0030231826453412936,0,0
three_cell_union,base,F4-A-00T,False,False,0.39544382742045603,0.2928606031643411,0.10258322425611494,0.42784376599744384,0.32119272269398735,0.10665104330345648,1,1
three_cell_union,base,F4-A-02,True,True,0.39411954762927315,0.2777428873239819,0.11637666030529126,0.2784902972161115,0.2970772229398201,-0.01858692572370857,1,0
three_cell_union,base,F4-A-02T,True,True,0.3280855575319188,0.31945580938639995,0.008629748145518867,0.3693288066296042,0.3618165822032421,0.007512224426362124,0,0
three_cell_union,base,F4-A-04,True,True,0.34993408164312945,0.2637679609426169,0.08616612070051255,0.3315614918853014,0.261967793758489,0.06959369812681238,0,0
three_cell_union,base,F4-A-04T,True,True,0.3099397666156517,0.3112999750300037,-0.001360208414351971,0.26420605256380236,0.19821067484534272,0.06599537771845965,0,0
three_cell_union,base,F4-A-06,True,True,0.26823569319727025,0.28167096605259356,-0.01343527285532331,0.24644250764641504,0.263252460111642,-0.016809952465226957,0,0
three_cell_union,base,F4-A-06T,True,True,0.3326632160270227,0.3146194065247957,0.018043809502227004,0.30616387950924984,0.32228415304677016,-0.016120273537520324,0,0
three_cell_union,base,F4-A-08,True,True,0.3349002685388581,0.3148305457576226,0.020069722781235533,0.340045836559429,0.2964405136679984,0.0436053228914306,0,0
three_cell_union,base,F4-A-08T,True,True,0.3927019896146845,0.3773720430780299,0.015329946536654593,0.39566410608847935,0.3655789208231278,0.030085185265351533,0,0
three_cell_union,base,F4-A-10,True,True,0.5417903146971921,0.4240512487060394,0.11773906599115269,0.5371730701255619,0.5261879688203053,0.01098510130525665,1,0
three_cell_union,base,F4-A-10T,True,True,0.17232377628042517,0.2031193264835403,-0.03079555020311514,0.11874521044933695,0.17046229688209577,-0.051717086432758824,0,0
three_cell_union,base,F4-A-12,True,True,0.39628983208534097,0.3785745491210533,0.01771528296428765,0.3664326491771952,0.3478655474709621,0.018567101706233102,0,0
three_cell_union,base,F4-A-12T,False,True,0.38076950637495643,0.4911479917168977,-0.11037848534194128,0.40557687870574544,0.47333706246511476,-0.06776018375936932,,
three_cell_union,base,F4-A-14,True,True,0.49740190526308814,0.4089861762698572,0.08841572899323091,0.4525310206298351,0.3718703914469103,0.08066062918292477,0,0
three_cell_union,base,F4-A-14T,True,True,0.2915007865969469,0.3105707255453197,-0.019069938948372833,0.21456945093429877,0.3044080219951819,-0.08983857106088314,0,0
three_cell_union,base,F4-A-16,False,True,0.5640495091328218,0.46590638712822013,0.09814312200460168,0.4105130173205739,0.4366657789078612,-0.0261527615872873,0,0
three_cell_union,base,F4-A-16T,True,True,0.2901293630349685,0.32821218019711257,-0.03808281716214407,0.21185440920919202,0.258003563661271,-0.046149154452078955,0,0
three_cell_union,base,F4-A-18,False,False,0.2927675047208963,0.38991280148623914,-0.09714529676534284,0.29602891446584767,0.3561687524258833,-0.060139837960035636,0,0
three_cell_union,base,F4-A-18T,False,False,0.3731333193553954,0.3468882533935186,0.026245065961876812,0.25622776522348467,0.2947767420754601,-0.03854897685197545,1,0
three_cell_union,base,F4-A-20,False,False,0.34366826538191725,0.3584038632545651,-0.014735597872647832,0.3699576451172699,0.34603821608352997,0.023919429033739947,0,0
three_cell_union,base,F4-A-20T,True,True,0.32918490672347506,0.36958088379837073,-0.04039597707489567,0.3444392486959117,0.3502460210660635,-0.005806772370151814,0,0
three_cell_union,base,F4-A-22,True,True,0.2649271586977197,0.20547212641801302,0.05945503227970669,0.24242402132422441,0.16172483211804056,0.08069918920618385,0,0
three_cell_union,base,F4-A-22T,True,True,0.4141310614959748,0.22657016851792103,0.18756089297805376,0.35658117836807696,0.2299779356288958,0.12660324273918117,1,0
three_cell_union,base,F4-A-24,False,True,0.35461733143929464,0.3584656998507283,-0.003848368411433656,0.26493969645764387,0.28105104080787663,-0.01611134435023276,0,0
three_cell_union,base,F4-A-24T,True,False,0.4618357856294042,0.34146964921654444,0.12036613641285976,0.309128462785179,0.3160996214541294,-0.006971158668950372,1,0
three_cell_union,base,F4-A-26,True,True,0.35209022290736536,0.41882439836794005,-0.0667341754605747,0.36521438051647903,0.44562749590248385,-0.08041311538600482,,
three_cell_union,base,F4-A-26T,True,True,0.34687097245270593,0.2891976251340157,0.05767334731869023,0.2872893969272623,0.27417434148570624,0.013115055441556056,0,0
three_cell_union,base,F4-A-28,True,True,0.23190838760103938,0.19701937697531346,0.034889010625725914,0.3465476384585802,0.3614569978145657,-0.014909359355985474,0,0
three_cell_union,base,F4-A-28T,True,True,0.3563188665214629,0.2466852993069977,0.10963356721446518,0.44019708084682563,0.3246546272267773,0.11554245362004834,0,1
three_cell_union,base,F4-A-30,True,True,0.4592298067307337,0.3593750688560799,0.09985473787465382,0.33883308586318656,0.3046018696840143,0.03423121617917224,1,0
three_cell_union,base,F4-A-30T,True,True,0.3560064460586602,0.3186293401826601,0.03737710587600013,0.3403084346807803,0.31369726312854684,0.02661117155223347,0,0
three_cell_union,base,F4-A-32,False,True,0.43363217018697375,0.3670441221844932,0.06658804800248053,0.46703627293183403,0.412108803639685,0.054927469292149034,1,0
three_cell_union,base,F4-A-32T,True,True,0.2657348266527618,0.28847280378712004,-0.02273797713435821,0.2568317068878142,0.24871187556854057,0.00811983131927363,0,0
three_cell_union,base,F4-A-34,True,True,0.35646261902826765,0.31782896837753893,0.03863365065072871,0.37252391937592666,0.36791342775093083,0.004610491624995827,0,0
three_cell_union,base,F4-A-34T,True,True,0.39872263383174267,0.34132952159850294,0.05739311223323973,0.3864948999680922,0.3090678480716183,0.07742705189647392,0,0
three_cell_union,base,F4-A-36,True,True,0.2840882162030818,0.2700288270055158,0.014059389197565997,0.2631528768198963,0.24359449085967316,0.019558385960223135,0,0
three_cell_union,base,F4-A-36T,True,True,0.3484863154880784,0.30942256262299317,0.03906375286508523,0.2897140641599745,0.33019260596467603,-0.04047854180470151,0,0
three_cell_union,base,F4-A-38,True,True,0.4451919983145336,0.3564194838755371,0.08877251443899647,0.47685395842957407,0.4388496029573463,0.03800435547222775,1,1
three_cell_union,base,F4-A-38T,True,True,0.37276993077909026,0.30733890584196955,0.06543102493712072,0.33071285281144824,0.30763870769369,0.023074145117758238,0,0
three_cell_union,base,F4-B-01,True,True,0.7011522466743029,0.7175594264917122,-0.016407179817409356,0.7393215798749482,0.7226472138154515,0.01667436605949668,0,0
three_cell_union,base,F4-B-01T,True,True,0.6854318634665606,0.5226434725316644,0.16278839093489617,0.6346968328749517,0.5232593827095571,0.11143745016539464,0,0
three_cell_union,base,F4-B-03,True,True,0.3334144267395155,0.27858131974648326,0.05483310699303223,0.4435060561986561,0.31993447564526983,0.12357158055338624,0,0
three_cell_union,base,F4-B-03T,True,True,0.30803189078103554,0.28648076583239446,0.021551124948641087,0.2331792260059443,0.26697757308504827,-0.03379834707910398,0,0
three_cell_union,base,F4-B-05,True,True,0.40995003051256645,0.3138734876845547,0.09607654282801176,0.39757712045352805,0.3449885523177565,0.05258856813577156,0,0
three_cell_union,base,F4-B-05T,True,True,0.16376528605952778,0.20156383992800725,-0.03779855386847947,0.11591518326551942,0.17553559262435858,-0.059620409358839166,0,0
three_cell_union,base,F4-B-07,True,True,0.2608672887628893,0.28744671245080144,-0.026579423687912163,0.14728997453533996,0.1817986221789462,-0.034508647643606255,0,0
three_cell_union,base,F4-B-07T,True,True,0.1178617867152773,0.13324042255895155,-0.015378635843674243,0.08276289893489722,0.10412009577937723,-0.02135719684448001,0,0
three_cell_union,base,F4-B-09,True,True,0.4406090605747453,0.3969283717877261,0.043680688787019195,0.4018549810988745,0.37334430638486477,0.028510674714009754,0,1
three_cell_union,base,F4-B-09T,True,True,0.3627095748816954,0.3038224857424787,0.0588870891392167,0.28693095032708477,0.28393356563977196,0.0029973846873128096,0,0
three_cell_union,base,F4-B-11,True,True,0.3133388151548263,0.3224221201591016,-0.009083305004275288,0.32642363112965517,0.33541972588919655,-0.008996094759541384,0,0
three_cell_union,base,F4-B-11T,True,True,0.2116434999251633,0.20283767734905736,0.008805822576105932,0.24205337152268885,0.2083415673123453,0.03371180421034356,0,0
three_cell_union,base,F4-B-13,True,True,0.3220741310579045,0.23969763169105945,0.08237649936684505,0.3213704475668508,0.24215521781865887,0.07921522974819192,0,0
three_cell_union,base,F4-B-13T,True,True,0.1805262777774022,0.1515415277361076,0.02898475004129461,0.13779970033630423,0.1269565755404344,0.010843124795869824,0,0
three_cell_union,base,F4-B-15,True,True,0.36936784836246983,0.2927283385121542,0.07663950985031565,0.28353783853192005,0.2921705964441831,-0.008632757912263034,0,0
three_cell_union,base,F4-B-15T,True,True,0.17538750904167266,0.2276819608656526,-0.05229445182397993,0.15062296731190408,0.19899419559873843,-0.04837122828683435,0,0
three_cell_union,base,F4-B-17,True,True,0.17345955589764545,0.2147129317886891,-0.041253375891043664,0.22751472887574167,0.26550501251389536,-0.03799028363815368,0,0
three_cell_union,base,F4-B-17T,False,False,0.16393999138063664,0.2341170118803037,-0.07017702049966706,0.18431373003382523,0.23174492140773828,-0.04743119137391305,0,0
three_cell_union,base,F4-B-19,True,True,0.3195943248267339,0.2791770974820153,0.04041722734471859,0.3501317921433952,0.24871926824856477,0.10141252389483041,0,0
three_cell_union,base,F4-B-19T,True,True,0.2596334009846254,0.2559469803182672,0.0036864206663582144,0.26830975214238517,0.2618425663307127,0.006467185811672493,0,0
three_cell_union,base,F4-B-21,True,True,0.4506692892384909,0.4067325071775596,0.04393678206093132,0.4221549786207904,0.38128008556220266,0.040874893058587713,0,0
three_cell_union,base,F4-B-21T,True,True,0.41072043034095745,0.3675007600613628,0.04321967027959467,0.3139950295822992,0.3296323842202859,-0.01563735463798671,1,0
three_cell_union,base,F4-B-23,True,True,0.46542753517896723,0.4152841659330788,0.050143369245888414,0.3627528215793179,0.3566481879498862,0.006104633629431699,0,0
three_cell_union,base,F4-B-23T,True,True,0.32043445346223,0.3410510786638539,-0.02061662520162394,0.30774774601134014,0.3435350278618862,-0.03578728185054608,0,0
three_cell_union,base,F4-B-25,True,True,0.50250581838989,0.38075613258480134,0.1217496858050886,0.5500619531916524,0.45074063899359507,0.09932131419805734,1,1
three_cell_union,base,F4-B-25T,True,True,0.5506007027151811,0.40730576192181045,0.14329494079337068,0.529716321908559,0.38793097017937417,0.14178535172918483,1,1
three_cell_union,base,F4-B-27,True,True,0.19856898041844545,0.18334637607421556,0.015222604344229895,0.2051709115752104,0.17726055251628933,0.027910359058921058,0,0
three_cell_union,base,F4-B-29,True,True,0.35584745920320987,0.3281818673784942,0.027665591824715674,0.3127189523837909,0.31772342729688935,-0.005004474913098467,0,0
three_cell_union,base,F4-B-29T,False,False,0.0810855416008615,0.1985190809386063,-0.1174335393377448,0.1147647457740168,0.20127784606390725,-0.08651310028989045,0,0
three_cell_union,base,F4-B-31,True,True,0.35242496808642193,0.31133175940296065,0.04109320868346128,0.3172727696666537,0.32783931369682856,-0.010566544030174874,0,0
three_cell_union,base,F4-B-31T,True,True,0.30086019636659855,0.24017955723718015,0.0606806391294184,0.24198458693978045,0.21704608579861617,0.024938501141164277,0,0
three_cell_union,base,F4-B-33,True,True,0.3691724083606033,0.2814008499812799,0.08777155837932338,0.3438967505799605,0.2903943521636014,0.05350239841635912,0,0
three_cell_union,base,F4-B-35,True,True,0.19133698604820165,0.20336227897117812,-0.012025292922976466,0.184561113699107,0.192054187202949,-0.007493073503842013,0,0
three_cell_union,base,F4-B-35T,True,True,0.293255605274036,0.24236425025976988,0.050891355014266115,0.3308019435726086,0.3121738325464909,0.018628111026117722,0,0
three_cell_union,base,F4-B-37,True,True,0.24851430755640747,0.21414985987342675,0.03436444768298072,0.2790527039934192,0.24125950332521173,0.03779320066820746,0,0
three_cell_union,base,F4-B-37T,True,True,0.4822643840299573,0.39813157039871355,0.08413281363124375,0.5104533287844047,0.4254638735938113,0.08498945519059342,1,0
three_cell_union,base,F4-B-39,True,True,0.23172758697282653,0.2638766199474434,-0.032149032974616853,0.20913616375665983,0.22109983539507144,-0.01196367163841161,0,0
three_cell_union,base,F5-A-00,False,False,0.37754803531284475,0.41523808412437446,-0.03769004881152971,0.47259673621412746,0.39030875978062596,0.0822879764335015,,0
three_cell_union,base,F5-A-02,True,True,0.23630243557297564,0.2230111827106684,0.013291252862307257,0.20527316720669914,0.1988109304856282,0.006462236721070935,0,0
three_cell_union,base,F5-A-04,False,False,0.5687925879149575,0.36450126399480876,0.2042913239201487,0.4573752739872528,0.3030827317330822,0.1542925422541706,1,1
three_cell_union,base,F5-A-06,True,True,0.3089338403112197,0.25834351837220676,0.05059032193901292,0.2788030384688198,0.24404808165466033,0.03475495681415949,0,0
three_cell_union,base,F5-A-08,True,True,0.22297971583389103,0.2136715513341535,0.009308164499737537,0.192911956542128,0.20701307564377916,-0.014101119101651155,0,0
three_cell_union,base,F5-A-10,True,True,0.2267493097274946,0.2283082578372992,-0.0015589481098045865,0.1550079884662291,0.20464021216792075,-0.04963222370169165,0,0
three_cell_union,base,F5-A-12,True,True,0.525117728937111,0.5509089627125605,-0.025791233775449562,0.41787781846521765,0.4321051549022489,-0.014227336437031224,,
three_cell_union,base,F5-A-14,True,True,0.6178827338409002,0.6102279540917002,0.007654779749200036,0.475332304980115,0.46239223331958507,0.012940071660529906,0,0
three_cell_union,base,F5-A-16,True,True,0.31720089455883743,0.29934113296911213,0.017859761589725298,0.3100717471793678,0.3325113269386932,-0.022439579759325368,0,0
three_cell_union,base,F5-A-18,True,True,0.6534405508716894,0.525964915148906,0.12747563572278342,0.35915504535899034,0.3449285086489385,0.014226536710051862,0,0
three_cell_union,base,F5-A-20,True,True,0.17527650487323157,0.1270264188881986,0.04825008598503297,0.15906145482455025,0.11692848475821466,0.042132970066335595,0,0
three_cell_union,base,F5-A-22,True,True,0.39471973220787915,0.3026975663914089,0.09202216581647027,0.42264083816675047,0.28958822952267166,0.1330526086440788,0,1
three_cell_union,base,F5-A-24,True,True,0.34755197249152225,0.29739842416840667,0.05015354832311558,0.35171471041257574,0.3358167508759054,0.015897959536670336,0,0
three_cell_union,base,F5-A-26,True,True,0.5477782560876041,0.4608102651584476,0.08696799092915652,0.40599669247169595,0.380897825328655,0.025098867143040937,0,0
three_cell_union,base,F5-A-28,True,True,0.17943911626195141,0.27603393681091004,-0.09659482054895863,0.14291226272503688,0.1876905376899175,-0.04477827496488063,0,0
three_cell_union,base,F5-A-30,False,False,0.46536972322653486,0.3672720741019089,0.09809764912462599,0.38081113245000764,0.30106816088733707,0.07974297156267057,1,0
three_cell_union,base,F5-A-32,True,True,0.28320228685922216,0.30210557731294285,-0.01890329045372069,0.31486889237465404,0.3263958085585257,-0.011526916183871638,0,0
three_cell_union,base,F5-A-34,True,True,0.12438371407120319,0.14022925501423342,-0.01584554094303023,0.10607999092625339,0.13253710349369208,-0.026457112567438684,0,0
three_cell_union,base,F5-A-36,True,True,0.28121516119375634,0.23062618474162655,0.050588976452129786,0.1709890504829633,0.15395100231921402,0.017038048163749292,0,0
three_cell_union,base,F5-A-38,True,True,0.4389936213805965,0.4422083481571207,-0.0032147267765241794,0.3686582563470536,0.38284971368764,-0.014191457340586355,0,
three_cell_union,base,F5-A-40,True,True,0.46981577264586993,0.2020585964256672,0.26775717622020273,0.36596450827396065,0.18072656949967775,0.1852379387742829,0,0
three_cell_union,base,F5-A-42,True,False,0.6338794430571495,0.5218497555776878,0.11202968747946174,0.37891756153728773,0.2641041561990708,0.11481340533821693,0,0
three_cell_union,base,F5-A-44,False,False,0.6050125795486304,0.6090774413831268,-0.004064861834496392,0.6086295674631652,0.6279298861821869,-0.019300318719021714,0,0
three_cell_union,base,F5-A-46,True,True,0.12479517355784642,0.17750973829654243,-0.05271456473869601,0.08530501800676757,0.14065200207959258,-0.05534698407282501,0,0
three_cell_union,base,F5-A-48,False,True,0.23073644251773306,0.21079335263262944,0.019943089885103626,0.26179339112900635,0.24133503910711895,0.020458352021887394,0,0
three_cell_union,base,F5-A-50,True,True,0.4202190278908848,0.35738580802700975,0.06283321986387502,0.3763566160128115,0.38681519041660783,-0.010458574403796328,0,0
three_cell_union,base,F5-A-52,True,True,0.6088601943792094,0.5535152167632928,0.0553449776159165,0.5465648104087353,0.47118623962958583,0.07537857077914945,0,0
three_cell_union,base,F5-A-54,False,True,0.4500243333625673,0.4259504325754796,0.02407390078708771,0.21617391044752998,0.2293714739597226,-0.013197563512192617,1,0
three_cell_union,base,F5-B-01,True,True,0.4548493280558088,0.40592679322073477,0.04892253483507403,0.2505198345479466,0.19510611075937095,0.05541372378857562,0,0
three_cell_union,base,F5-B-03,True,True,0.47430057259727865,0.378712412669487,0.09558815992779163,0.4046777965720059,0.2840143148025032,0.1206634817695027,1,0
three_cell_union,base,F5-B-05,True,True,0.6565191536080817,0.5424056804902215,0.11411347311786013,0.4499350666356141,0.4339221836137793,0.01601288302183479,0,0
three_cell_union,base,F5-B-07,True,True,0.39252195412214036,0.39794332025461937,-0.005421366132479011,0.38283666923201376,0.3580939961422596,0.02474267308975414,,0
three_cell_union,base,F5-B-09,True,True,0.11988059985466477,0.15323467324388387,-0.0333540733892191,0.08560679426295571,0.12579261816319956,-0.04018582390024385,0,0
three_cell_union,base,F5-B-11,True,True,0.6343771497026867,0.5338112867517735,0.10056586295091319,0.5632583718644553,0.43232016877954516,0.1309382030849101,0,0
three_cell_union,base,F5-B-13,True,True,0.285556565669172,0.17159215194575717,0.11396441372341481,0.29893753252431204,0.23149802222399463,0.06743951030031742,0,0
three_cell_union,base,F5-B-15,True,True,0.35192210263501983,0.36008737968473986,-0.008165277049720032,0.3178016762730591,0.3543900843250127,-0.03658840805195357,0,0
three_cell_union,base,F5-B-17,True,True,0.4612902632481203,0.4151971093332716,0.046093153914848695,0.3582925264637063,0.3842417544077458,-0.025949227944039477,0,
three_cell_union,base,F5-B-19,True,True,0.21477533445927222,0.2065312615359861,0.008244072923286105,0.1985470632952303,0.21325739530742255,-0.01471033201219224,0,0
three_cell_union,base,F5-B-21,True,True,0.4007386583451703,0.3176220496844263,0.083116608660744,0.35889115790472975,0.28045546093643786,0.07843569696829189,0,1
three_cell_union,base,F5-B-23,True,True,0.4691708753967287,0.4001919061278718,0.06897896926885688,0.4546639394994938,0.32212049844112134,0.13254344105837246,0,1
three_cell_union,base,F5-B-25,True,True,0.4047152636822821,0.40281715703600796,0.0018981066462741558,0.37223757385727,0.32527301228789096,0.04696456156937906,0,0
three_cell_union,base,F5-B-27,True,True,0.46641206307564415,0.38261778365111865,0.0837942794245255,0.40862323381790877,0.3005263157320326,0.10809691808587618,0,0
three_cell_union,base,F5-B-29,True,True,0.27610634351572017,0.24064286497011675,0.035463478545603416,0.2071549592603416,0.16306305462777573,0.044091904632565876,0,0
three_cell_union,base,F5-B-31,True,True,0.08269902195539074,0.11105754610858534,-0.028358524153194606,0.06358672864015558,0.11521870956007307,-0.0516319809199175,0,0
three_cell_union,base,F5-B-33,True,True,0.3702180484448616,0.3522687016229362,0.017949346821925394,0.41015761574468246,0.3686866346690033,0.04147098107567915,1,1
three_cell_union,base,F5-B-35,True,True,0.6138159884499452,0.488689494244648,0.1251264942052972,0.5267994309934552,0.37012738442065,0.15667204657280515,0,1
three_cell_union,base,F5-B-37,True,True,0.2940529154771792,0.26253831870478384,0.031514596772395376,0.44179469244361996,0.34299029120910873,0.09880440123451123,0,1
three_cell_union,base,F5-B-39,True,True,0.2637361680719522,0.21589295036276157,0.047843217709190644,0.3310863923849818,0.27650321267456945,0.05458317971041232,0,0
three_cell_union,base,F5-B-41,True,True,0.49727368300159974,0.38251833371452426,0.11475534928707548,0.6275777967703564,0.5248359388159207,0.10274185795443569,1,0
three_cell_union,base,F5-B-43,True,True,0.4512655071535506,0.5491012400208437,-0.09783573286729308,0.3927437509079401,0.48217263295539625,-0.08942888204745614,0,1
three_cell_union,base,F5-B-45,True,True,0.19184932072485023,0.1740201869504655,0.01782913377438472,0.2030232336929222,0.19216071416159652,0.010862519531325665,0,0
three_cell_union,base,F5-B-47,True,True,0.28174480504605537,0.29574863168752996,-0.014003826641474593,0.3281952908694925,0.3236662331848895,0.004529057684602988,0,0
three_cell_union,base,F5-B-49,True,True,0.25833260553551657,0.1667564702732949,0.09157613526222166,0.11993187274058759,0.098359423710882,0.021572449029705593,0,0
three_cell_union,base,F5-B-51,True,True,0.1971673308790014,0.14576545660757517,0.05140187427142623,0.25209474919887254,0.172787954945319,0.07930679425355353,0,0
three_cell_union,base,F5-B-53,True,True,0.5779107534571489,0.5598174464914187,0.018093306965730194,0.4971295070441555,0.4646009434802594,0.03252856356389611,0,0
three_cell_union,base,F5-B-55,True,True,0.6265258592656155,0.5918012713384837,0.034724587927131845,0.6927605612091259,0.6338372004984782,0.05892336071064763,0,0
three_cell_union,instruct,F1-A-00,False,False,0.46532520630465257,0.48076903311049324,-0.015443826805840666,0.05989105025614785,0.36017637822577764,-0.3002853279696298,0,0
three_cell_union,instruct,F1-A-00T,False,False,0.7083605358645578,0.4223599635072353,0.2860005723573225,0.36247010544051816,0.502358533758573,-0.1398884283180548,1,0
three_cell_union,instruct,F1-A-02,True,True,0.006210904754334178,0.07931221590959192,-0.07310131115525774,0.003567841232126093,0.1613064636109861,-0.15773862237886002,0,0
three_cell_union,instruct,F1-A-02T,True,True,0.012657258268600452,0.021305034237273774,-0.008647775968673322,0.0032286876232130975,0.022420374756887247,-0.01919168713367415,0,0
three_cell_union,instruct,F1-A-04,True,True,0.8276126535104875,0.5994175360571279,0.22819511745335963,0.922067480651745,0.6692371530135215,0.25283032763822355,0,0
three_cell_union,instruct,F1-A-04T,True,True,0.084994785322235,0.2720372640937781,-0.1870424787715431,0.3506365378698145,0.1877690816364145,0.16286745623340002,0,0
three_cell_union,instruct,F1-A-06,False,True,0.9645796125689399,0.2635383281046826,0.7010412844642573,0.5639998731442317,0.20997271312230253,0.3540271600219292,1,1
three_cell_union,instruct,F1-A-06T,False,False,0.11723002371335861,0.20996568826367412,-0.09273566455031551,0.1373667082432594,0.24521568775710267,-0.10784897951384328,0,0
three_cell_union,instruct,F1-A-08,True,False,0.24507138213122281,0.16889944584284342,0.0761719362883794,0.0032317562053204773,0.14075252744261552,-0.13752077123729503,0,0
three_cell_union,instruct,F1-A-08T,True,True,0.024742020320459798,0.10836764957553119,-0.08362562925507139,0.21554329920598225,0.13727621685418895,0.0782670823517933,0,0
three_cell_union,instruct,F1-A-10,False,True,0.37744414891863004,0.37292965544879486,0.004514493469835179,0.3803627049495415,0.3450759137388798,0.035286791210661694,0,0
three_cell_union,instruct,F1-A-10T,True,False,0.5023377919099684,0.3400213102178668,0.1623164816921016,0.4562210148194005,0.32997301529474726,0.12624799952465326,0,0
three_cell_union,instruct,F1-A-12,False,False,0.025629425800411283,0.12930915606004628,-0.103679730259635,0.16013649374007247,0.057942601750870196,0.10219389198920227,0,0
three_cell_union,instruct,F1-A-12T,True,True,0.43830270706342295,0.1427708465847986,0.29553186047862434,0.363481984663143,0.2105893217449044,0.1528926629182386,0,0
three_cell_union,instruct,F1-A-14,True,True,0.9718107114546055,0.6101188116346121,0.3616918998199934,0.17862291799139476,0.2554958630659462,-0.07687294507455142,0,0
three_cell_union,instruct,F1-A-14T,True,True,0.7166180895923042,0.7100085757581176,0.00660951383418662,0.9465110278200062,0.7779301837059382,0.16858084411406793,0,0
three_cell_union,instruct,F1-A-16,False,True,0.777097440809646,0.44851438877853556,0.3285830520311105,0.703716636958043,0.5221656886489587,0.18155094830908425,1,0
three_cell_union,instruct,F1-A-16T,False,False,0.7561279322318677,0.7652879251127463,-0.009159992880878653,0.07909878404394996,0.12718187263578162,-0.04808308859183166,0,0
three_cell_union,instruct,F1-A-18,False,False,0.014176489573287624,0.15222877455498882,-0.1380522849817012,0.009085940693401113,0.1394150401962139,-0.1303290995028128,0,0
three_cell_union,instruct,F1-A-18T,True,True,0.02690686329220172,0.15578439142623962,-0.1288775281340379,0.04033181283718275,0.10917395585348111,-0.06884214301629836,0,0
three_cell_union,instruct,F1-A-20,False,False,0.07364187706849415,0.22533020438213064,-0.1516883273136365,0.036426351172150165,0.2594643073548445,-0.22303795618269434,0,0
three_cell_union,instruct,F1-A-20T,True,True,0.1537466168034168,0.14815503676974429,0.005591580033672522,0.21667352972632647,0.23902509779624526,-0.02235156806991878,0,0
three_cell_union,instruct,F1-A-22,True,True,0.15903916033383164,0.17438290961665742,-0.01534374928282578,0.021968388266225203,0.06850387614409892,-0.04653548787787372,0,0
three_cell_union,instruct,F1-A-22T,True,True,0.20692319960985364,0.20332117849733633,0.003602021112517312,0.3027685613046833,0.1876203492562497,0.11514821204843362,0,0
three_cell_union,instruct,F1-A-24,False,False,0.033883370753003794,0.08060888447823567,-0.04672551372523187,0.005089133606860221,0.06618935683442813,-0.061100223227567904,0,0
three_cell_union,instruct,F1-A-24T,False,False,0.06866862042136214,0.28224435362468125,-0.21357573320331913,0.04245229711061906,0.27280189094846674,-0.23034959383784767,0,0
three_cell_union,instruct,F1-A-26,False,True,0.21513357787534915,0.32029978728310937,-0.10516620940776022,0.156106760693327,0.18074715261974197,-0.024640391926414984,0,0
three_cell_union,instruct,F1-A-26T,True,True,0.006591182354613823,0.09072398672368663,-0.0841328043690728,0.0070490241420403795,0.1407374329729298,-0.13368840883088942,0,0
three_cell_union,instruct,F1-A-28,True,True,0.19493076251951977,0.39642267562352357,-0.2014919131040038,0.05044278247227408,0.3474774292618088,-0.29703464678953473,0,0
three_cell_union,instruct,F1-A-28T,True,True,0.04424398896007159,0.032221520538538856,0.012022468421532734,0.0006871613496198465,0.0390044278821018,-0.03831726653248196,0,0
three_cell_union,instruct,F1-A-30,True,True,0.04217581785626375,0.19990923226951915,-0.1577334144132554,0.011484867206016307,0.11023267781009646,-0.09874781060408015,0,0
three_cell_union,instruct,F1-A-30T,True,True,0.10291581226788221,0.3690461516495388,-0.2661303393816566,0.11118549173268573,0.3893787213405426,-0.27819322960785686,0,0
three_cell_union,instruct,F1-A-32,True,False,0.19206352992398712,0.19142991044120908,0.0006336194827780417,0.19690030047731205,0.20462308039155946,-0.007722779914247413,0,0
three_cell_union,instruct,F1-A-32T,True,True,0.011954671725966825,0.27392560385716747,-0.26197093213120065,0.011426528372458788,0.2054181890383527,-0.19399166066589393,0,0
three_cell_union,instruct,F1-A-34,True,True,0.04721543522877467,0.2575489765578707,-0.210333541329096,0.26767801246364265,0.35331321909852004,-0.08563520663487739,0,0
three_cell_union,instruct,F1-A-34T,True,True,0.009239085649579398,0.11066676194820013,-0.10142767629862073,0.006719434723953492,0.08088471281379797,-0.07416527808984448,0,0
three_cell_union,instruct,F1-A-36,False,False,0.018747832379551584,0.19753061506754394,-0.17878278268799236,0.11148834330391554,0.3793253136229664,-0.26783697031905085,0,0
three_cell_union,instruct,F1-A-36T,True,False,0.1416748215218921,0.5396311062331196,-0.3979562847112275,0.16497301112607526,0.3780019405558381,-0.21302892942976281,,
three_cell_union,instruct,F1-A-38,True,True,0.36387178951786203,0.415184951141395,-0.051313161623532944,0.035756710073729256,0.2834993946251468,-0.2477426845514175,,0
three_cell_union,instruct,F1-A-38T,True,True,0.020151113615746667,0.12263230945879891,-0.10248119584305224,0.3847508493395061,0.2642065160204635,0.12054433331904257,0,0
three_cell_union,instruct,F1-A-40,True,False,0.05301386396168657,0.25889631268662444,-0.20588244872493788,0.014721262631601976,0.19123649430678583,-0.17651523167518385,0,0
three_cell_union,instruct,F1-A-40T,True,True,0.5148048973139245,0.31856497714689436,0.19623992016703018,0.20827106663243716,0.3061790903228071,-0.09790802369036994,0,0
three_cell_union,instruct,F1-A-42,False,False,0.5451644763729467,0.2611962109661551,0.28396826540679165,0.5446621045778888,0.19421775356312254,0.35044435101476623,0,1
three_cell_union,instruct,F1-A-42T,True,True,0.31992592035098233,0.48050344840325593,-0.1605775280522736,0.3338704198326182,0.4902458986117153,-0.15637547877909708,0,0
three_cell_union,instruct,F1-A-44,True,True,0.031956513414564576,0.28553592541491024,-0.25357941200034567,0.052826064026884785,0.2949777226023907,-0.2421516585755059,0,0
three_cell_union,instruct,F1-A-44T,False,False,0.01827357306994306,0.11349696489613946,-0.09522339182619641,0.00879356204530236,0.1515172726232528,-0.14272371057795044,0,0
three_cell_union,instruct,F1-A-46,True,True,0.2836324109963911,0.3814260435990152,-0.09779363260262414,0.0984343885233228,0.3175410419439598,-0.219106653420637,0,0
three_cell_union,instruct,F1-A-46T,True,True,0.44431694559631724,0.2955678835995381,0.14874906199677912,0.04350324331567612,0.21560559250903272,-0.1721023491933566,1,0
three_cell_union,instruct,F1-A-48,False,False,0.3727950388333999,0.4145098530199287,-0.04171481418652878,0.34644619275823624,0.381225613889833,-0.034779421131596766,0,0
three_cell_union,instruct,F1-A-48T,True,True,0.9267400658304691,0.3018633488536812,0.6248767169767879,0.8960989649115865,0.1608100611761662,0.7352889037354202,1,1
three_cell_union,instruct,F1-A-50,True,False,0.00545103276561683,0.026572156890615595,-0.021121124124998766,0.014287766206245982,0.10262825909676468,-0.0883404928905187,0,0
three_cell_union,instruct,F1-A-50T,False,True,0.17094355182969995,0.2725306547856845,-0.10158710295598455,0.0022890499887264332,0.07094976023637437,-0.06866071024764793,0,0
three_cell_union,instruct,F1-A-52,False,True,0.009323971210687999,0.14767387812867536,-0.13834990691798735,0.002244869720287303,0.10931372512811081,-0.10706885540782352,0,0
three_cell_union,instruct,F1-A-52T,True,True,0.2671142065881938,0.1687736402670116,0.09834056632118218,0.0570445149439966,0.43667590193837574,-0.37963138699437915,0,0
three_cell_union,instruct,F1-A-54,False,False,0.014819454976896976,0.3661984374479098,-0.35137898247101285,0.008864062296612256,0.38981665022862383,-0.3809525879320116,0,0
three_cell_union,instruct,F1-A-54T,True,False,0.3963236407154589,0.5741717467217584,-0.17784810600629952,0.5001765937517826,0.5824189504158146,-0.08224235666403201,,0
three_cell_union,instruct,F1-B-01,True,True,0.03223192686458578,0.18337524870028754,-0.15114332183570175,0.007505668440330772,0.10818228449229769,-0.10067661605196693,0,0
three_cell_union,instruct,F1-B-01T,True,True,0.005395136300902323,0.26107765908078273,-0.2556825227798804,0.0028456328380527494,0.06979492539137822,-0.06694929255332546,0,0
three_cell_union,instruct,F1-B-03,True,True,0.06615344850893898,0.10938088073358812,-0.04322743222464914,0.03656296733792226,0.08161257228501345,-0.04504960494709119,0,0
three_cell_union,instruct,F1-B-03T,True,True,0.42336949889879005,0.302451659218579,0.12091783968021103,0.24944407240567512,0.20928468363611083,0.04015938876956429,0,0
three_cell_union,instruct,F1-B-05,True,True,0.14984257212476412,0.37742976677985995,-0.22758719465509583,0.13160775798297536,0.33048589832509695,-0.1988781403421216,0,
three_cell_union,instruct,F1-B-05T,True,True,0.012965618642459487,0.07053357348342179,-0.057567954840962304,0.00798784472102742,0.0408067839774382,-0.03281893925641078,0,0
three_cell_union,instruct,F1-B-07,True,True,0.01660669093344736,0.18940650045640675,-0.1727998095229594,0.007357773299485053,0.12409674383107361,-0.11673897053158855,0,0
three_cell_union,instruct,F1-B-07T,True,True,0.14187338669199823,0.28360304282282983,-0.1417296561308316,0.16549460828711374,0.30746344701261413,-0.1419688387255004,0,0
three_cell_union,instruct,F1-B-09,True,True,0.5730264314240927,0.4478412612744105,0.12518517014968222,0.5661317404161879,0.4373261601906766,0.12880558022551125,0,0
three_cell_union,instruct,F1-B-09T,False,True,0.019830476539952117,0.1962014936507525,-0.1763710171108004,0.06163645013075847,0.0618529060483933,-0.00021645591763483352,0,0
three_cell_union,instruct,F1-B-11,True,True,0.05343160532095282,0.12210809555482957,-0.06867649023387676,0.01238557144667992,0.0987597031705085,-0.08637413172382857,0,0
three_cell_union,instruct,F1-B-11T,False,False,0.2469688920600886,0.39629939705376305,-0.14933050499367445,0.5765655083771741,0.5236452563428591,0.05292025203431505,0,0
three_cell_union,instruct,F1-B-13,True,True,0.022194075672116183,0.12934637434230198,-0.1071522986701858,0.012680567553598036,0.10634584191221175,-0.09366527435861371,0,0
three_cell_union,instruct,F1-B-13T,True,True,0.019892188811346884,0.2634912843017083,-0.24359909549036143,0.0109841986573334,0.21030348559417786,-0.19931928693684445,0,0
three_cell_union,instruct,F1-B-15,False,False,0.32387521061870206,0.33510589244910743,-0.011230681830405376,0.14723372649518787,0.23693835098039692,-0.08970462448520905,0,0
three_cell_union,instruct,F1-B-15T,True,True,0.8910723520658963,0.5717691478330333,0.31930320423286296,0.25123573156956885,0.3416624645971313,-0.09042673302756243,0,0
three_cell_union,instruct,F1-B-17,True,False,0.039022399330784635,0.1254709129581569,-0.08644851362737227,0.026036774329262505,0.1701626592032472,-0.1441258848739847,0,0
three_cell_union,instruct,F1-B-17T,True,True,0.569428346047663,0.3920090173528472,0.1774193286948158,0.11720398897866957,0.14420909468602366,-0.027005105707354093,1,0
three_cell_union,instruct,F1-B-19,False,False,0.048502250347798335,0.09033214489124694,-0.041829894543448605,0.013076945333372142,0.035581235889009785,-0.022504290555637643,0,0
three_cell_union,instruct,F1-B-19T,False,False,0.9384761708287942,0.853044402797607,0.08543176803118724,0.5540256110315938,0.48792748459682767,0.06609812643476609,0,0
three_cell_union,instruct,F1-B-21,True,True,0.11472678313693618,0.16852416289200398,-0.05379737975506779,0.09160890844596781,0.16412409073983664,-0.07251518229386883,0,0
three_cell_union,instruct,F1-B-21T,True,True,0.08945649456331994,0.17084162026978897,-0.08138512570646902,0.05079425700046444,0.08666743883644176,-0.03587318183597732,0,0
three_cell_union,instruct,F1-B-23,False,False,0.052296607213345905,0.12376227954085729,-0.07146567232751139,0.024704706365135887,0.1791840430173055,-0.15447933665216962,0,0
three_cell_union,instruct,F1-B-23T,False,True,0.2309516379190489,0.2039829967096489,0.026968641209400013,0.14610290073631452,0.19288260664735152,-0.046779705911037,0,0
three_cell_union,instruct,F1-B-25,True,True,0.42235372890539163,0.4396828758504415,-0.01732914694504989,0.404276590129262,0.4358050044153007,-0.0315284142860387,0,0
three_cell_union,instruct,F1-B-25T,False,False,0.019248805220494936,0.2111536591606819,-0.19190485394018697,0.008205946051128092,0.22314307591832905,-0.21493712986720095,0,0
three_cell_union,instruct,F1-B-27,False,True,0.006247164705654914,0.13186649566904796,-0.12561933096339303,0.009223591307559495,0.11236247721415443,-0.10313888590659494,0,0
three_cell_union,instruct,F1-B-27T,True,True,0.09805080454503567,0.06956672642328363,0.02848407812175205,0.08117208455125115,0.10964553638375218,-0.028473451832501037,0,0
three_cell_union,instruct,F1-B-29,True,True,0.293862417266068,0.18279111186173397,0.11107130540433402,0.007998055184603736,0.1177984863653237,-0.10980043118071996,0,0
three_cell_union,instruct,F1-B-29T,False,True,0.017580235345288832,0.12724079354534687,-0.10966055820005804,0.012726260936726748,0.1016298736857141,-0.08890361274898737,0,0
three_cell_union,instruct,F1-B-31,True,True,0.09134266404072212,0.12396124428271962,-0.0326185802419975,0.0787750850537502,0.1020640823014435,-0.023288997247693302,0,0
three_cell_union,instruct,F1-B-31T,True,True,0.6128067185260362,0.3367876874489135,0.27601903107712267,0.5685529572040747,0.3513127193109001,0.21724023789317465,1,1
three_cell_union,instruct,F1-B-33,False,True,0.4041712008158204,0.38697969275144506,0.01719150806437536,0.05244058529844156,0.24802219972805223,-0.19558161442961067,0,0
three_cell_union,instruct,F1-B-33T,True,False,0.30048989237100243,0.31391038032996615,-0.013420487958963723,0.020192585317109386,0.17713454809827467,-0.1569419627811653,0,0
three_cell_union,instruct,F1-B-35,False,False,0.9738718146672978,0.6475974266140776,0.3262743880532202,0.7085037987037879,0.7068884708611307,0.001615327842657166,0,0
three_cell_union,instruct,F1-B-35T,False,True,0.5890045150030357,0.42744310643663097,0.16156140856640477,0.3899203365662918,0.40205512192916937,-0.012134785362877543,0,0
three_cell_union,instruct,F1-B-37,True,True,0.016300554844655375,0.21409504306943422,-0.19779448822477885,0.016595443651827853,0.17483870997110512,-0.15824326631927726,0,0
three_cell_union,instruct,F1-B-37T,False,False,0.14116969328494253,0.1815161664644836,-0.04034647317954107,0.09788434594026361,0.2452291052114373,-0.1473447592711737,0,0
three_cell_union,instruct,F1-B-39,True,True,0.07150167481115707,0.1399621456154841,-0.06846047080432702,0.02118947376166816,0.043796677691628746,-0.022607203929960587,0,0
three_cell_union,instruct,F1-B-39T,True,True,0.04147517835268223,0.17634045107864144,-0.13486527272595922,0.0668481937452132,0.1880611191772752,-0.121212925432062,0,0
three_cell_union,instruct,F1-B-41,True,True,0.06381243290475895,0.27036247397472485,-0.20655004106996588,0.05562390999175853,0.2680291005807377,-0.21240519058897916,0,0
three_cell_union,instruct,F1-B-41T,True,True,0.8970800921829116,0.6271625517980443,0.26991754038486737,0.05527584540667795,0.08052366067576841,-0.025247815269090458,0,0
three_cell_union,instruct,F1-B-43,True,True,0.09476808471892958,0.2231146352175516,-0.128346550498622,0.04566206389625557,0.21135983142804946,-0.16569776753179388,0,0
three_cell_union,instruct,F1-B-43T,True,True,0.03827860375459481,0.1103579468575929,-0.07207934310299809,0.01997966775645016,0.12288454843020186,-0.1029048806737517,0,0
three_cell_union,instruct,F1-B-45,True,True,0.39519894279509615,0.29996546343954633,0.09523347935554982,0.4839581823203211,0.2551025644873194,0.22885561783300173,0,0
three_cell_union,instruct,F1-B-45T,True,False,0.17482826892657205,0.1513656184896664,0.023462650436905652,0.08683246309673254,0.13075417427990166,-0.04392171118316912,0,0
three_cell_union,instruct,F1-B-47,True,True,0.09509449711571982,0.2134173502689356,-0.11832285315321578,0.17075336922300033,0.198925214112469,-0.028171844889468667,0,0
three_cell_union,instruct,F1-B-47T,True,True,0.12980746910055402,0.31204301184372574,-0.18223554274317172,0.05880847515198476,0.2838448674200418,-0.22503639226805702,0,0
three_cell_union,instruct,F1-B-49,True,True,0.01599423550623328,0.06283471332207663,-0.04684047781584335,0.0075828422758165495,0.05042429171588816,-0.04284144944007161,0,0
three_cell_union,instruct,F1-B-49T,True,True,0.17329876057391236,0.15013728631735712,0.023161474256555237,0.1855780911888142,0.14544652204759378,0.0401315691412204,0,0
three_cell_union,instruct,F1-B-51,True,True,0.24591329275963253,0.2665426479143329,-0.02062935515470038,0.18447366532395254,0.27175798241255533,-0.08728431708860279,0,0
three_cell_union,instruct,F1-B-51T,True,True,0.1392510109430199,0.35540132988585627,-0.21615031894283637,0.07516504160852264,0.2594498753701847,-0.18428483376166208,0,0
three_cell_union,instruct,F1-B-53,False,False,0.25408914721833575,0.2117674206892505,0.04232172652908525,0.029946184332438626,0.16767341826250412,-0.1377272339300655,0,0
three_cell_union,instruct,F1-B-53T,True,True,0.01691967223487592,0.023348398565336197,-0.006428726330460276,0.010818879955238093,0.020559442965135403,-0.00974056300989731,0,0
three_cell_union,instruct,F1-B-55,False,False,0.1344549566863732,0.25510907511461534,-0.12065411842824214,0.0744383126842696,0.24946876261411716,-0.17503044992984756,0,0
three_cell_union,instruct,F1-B-55T,True,True,0.5250995161783124,0.3647861024763712,0.1603134137019412,0.21554545090571442,0.28966327907802175,-0.07411782817230733,0,0
three_cell_union,instruct,F2-A-00,False,False,0.004792243259151127,0.1828310140561169,-0.17803877079696578,0.0025999046265520343,0.08989264077539914,-0.08729273614884711,0,0
three_cell_union,instruct,F2-A-02,True,True,0.018302380171392067,0.06320975433305918,-0.04490737416166712,0.006751228547907333,0.05053279800024615,-0.04378156945233881,0,0
three_cell_union,instruct,F2-A-04,True,True,0.005537560797867057,0.24593820139753053,-0.24040064059966348,0.0016407248272070603,0.0473118864689724,-0.04567116164176534,0,0
three_cell_union,instruct,F2-A-06,True,True,0.0004321792449711038,0.004123543588568953,-0.003691364343597849,0.0007598251643129916,0.003782524439811554,-0.0030226992754985626,0,0
three_cell_union,instruct,F2-A-08,True,True,0.009887130705551358,0.01407227657590283,-0.004185145870351473,0.007183465161013802,0.0031031693097236753,0.004080295851290126,0,0
three_cell_union,instruct,F2-A-10,False,False,0.03179664041886479,0.3331647720074677,-0.30136813158860287,0.06582824491148702,0.30565463652864433,-0.2398263916171573,0,0
three_cell_union,instruct,F2-A-12,False,False,0.003105711248529334,0.007447994997622883,-0.004342283749093549,0.0028446474260919318,0.004544183494135782,-0.0016995360680438503,0,0
three_cell_union,instruct,F2-A-14,False,False,0.008131428572339849,0.04182025228925523,-0.03368882371691538,0.006914313166796379,0.0717205739133289,-0.06480626074653252,0,0
three_cell_union,instruct,F2-A-16,False,False,0.00481426856907141,0.4349403006638406,-0.4301260320947692,0.007563462202973433,0.12525730111896405,-0.11769383891599061,,0
three_cell_union,instruct,F2-A-18,True,True,0.01423139003019934,0.03417068661123472,-0.01993929658103538,0.006852093398107023,0.008484782227423628,-0.0016326888293166052,0,0
three_cell_union,instruct,F2-A-20,False,False,0.15745275946535253,0.21110143039196783,-0.053648670926615294,0.08332373356472736,0.18962157006095304,-0.10629783649622568,0,0
three_cell_union,instruct,F2-A-22,False,True,0.001414550673922611,0.05290902783268329,-0.051494477158760675,0.0021778068591471423,0.04636116093603518,-0.04418335407688804,0,0
three_cell_union,instruct,F2-A-24,True,False,0.006212633514904808,0.01502974209292492,-0.008817108578020112,0.0033543158522858704,0.006371483998429576,-0.0030171681461437054,0,0
three_cell_union,instruct,F2-A-26,True,True,0.014028561289603426,0.015655345526847688,-0.0016267842372442616,0.017352463469485747,0.016701005526758773,0.000651457942726974,0,0
three_cell_union,instruct,F2-A-28,False,False,0.0016288790707899093,0.05587465842610929,-0.05424577935531938,0.004226463320962298,0.1221983839813838,-0.1179719206604215,0,0
three_cell_union,instruct,F2-A-30,True,False,0.0015784631437351505,0.018624473928849476,-0.017046010785114325,0.0013709523219888667,0.039624204524333594,-0.038253252202344726,0,0
three_cell_union,instruct,F2-A-32,False,False,0.02678276456975814,0.11457335831761918,-0.08779059374786104,0.01615940334438847,0.03409346535010173,-0.01793406200571326,0,0
three_cell_union,instruct,F2-A-34,False,False,0.002752626307190761,0.11430007404616067,-0.11154744773896991,0.002524442379922127,0.060595161128972,-0.05807071874904987,0,0
three_cell_union,instruct,F2-A-36,True,False,0.0028370797308882034,0.03158951972816411,-0.028752439997275905,0.0012646875452231212,0.05312941900507927,-0.051864731459856143,0,0
three_cell_union,instruct,F2-A-38,True,True,0.010017337313166973,0.007239221049536547,0.0027781162636304254,0.014597495668340774,0.002754776480255729,0.011842719188085046,0,0
three_cell_union,instruct,F2-B-01,False,True,0.0023655774640984886,0.03218228492990717,-0.02981670746580868,0.0011544288109344692,0.03832396392026827,-0.037169535109333796,0,0
three_cell_union,instruct,F2-B-03,False,False,0.008411036101799196,0.011628370164379134,-0.0032173340625799383,0.00325950038593636,0.015587002901862467,-0.012327502515926108,0,0
three_cell_union,instruct,F2-B-05,False,True,0.0052462714773746245,0.009956893519502184,-0.0047106220421275595,0.004968811250616634,0.009713490203921796,-0.004744678953305162,0,0
three_cell_union,instruct,F2-B-07,True,False,0.005306104576091047,0.02123853417634138,-0.015932429600250334,0.004483050353085571,0.007501558354038275,-0.0030185080009527037,0,0
three_cell_union,instruct,F2-B-09,False,False,0.10124931542397733,0.06466516118472661,0.036584154239250724,0.036720796428563414,0.061649097794588284,-0.02492830136602487,0,0
three_cell_union,instruct,F2-B-11,False,True,0.004150325651599311,0.03969155477520291,-0.0355412291236036,0.0013097876006685427,0.0037507510405997324,-0.0024409634399311896,0,0
three_cell_union,instruct,F2-B-13,True,True,0.006799460209714208,0.016776555295969307,-0.009977095086255099,0.001299029259748952,0.018012740234833166,-0.016713710975084214,0,0
three_cell_union,instruct,F2-B-15,True,True,0.0009929314235720508,0.004510110714291248,-0.0035171792907191975,0.0009185416707482919,0.014481600766588165,-0.013563059095839873,0,0
three_cell_union,instruct,F2-B-17,False,False,0.003831045046412122,0.07386900967649732,-0.0700379646300852,0.003050864748182896,0.0530303997661577,-0.0499795350179748,0,0
three_cell_union,instruct,F2-B-19,False,True,0.002251273382627003,0.006315138139208133,-0.004063864756581131,0.001350051304150408,0.004305507121767499,-0.002955455817617091,0,0
three_cell_union,instruct,F2-B-21,False,False,0.0005720544562359879,0.02228678841328733,-0.02171473395705134,0.0006803184439969421,0.06196464576076381,-0.06128432731676687,0,0
three_cell_union,instruct,F2-B-23,True,True,0.001425715095377447,0.006426004605482951,-0.0050002895101055045,0.0035281076467465764,0.002834748656729452,0.0006933589900171245,0,0
three_cell_union,instruct,F2-B-25,False,True,0.004178829723309766,0.0024831450815650325,0.0016956846417447331,0.0035609862588623998,0.0013717353178820013,0.0021892509409803984,0,0
three_cell_union,instruct,F2-B-27,False,False,0.06532826331802799,0.011243369840704415,0.05408489347732358,0.08605494532923255,0.01245746661227118,0.07359747871696137,0,0
three_cell_union,instruct,F2-B-29,True,True,0.004040443826400727,0.010796257850153947,-0.0067558140237532205,0.0018746280349052076,0.007688821465955262,-0.005814193431050055,0,0
three_cell_union,instruct,F2-B-31,True,True,0.005095116112139255,0.222692819125825,-0.21759770301368575,0.0049547993161490654,0.16372362203661478,-0.15876882272046572,0,0
three_cell_union,instruct,F2-B-33,False,True,0.006790206212379954,0.08652876942805841,-0.07973856321567846,0.0027340671635260674,0.07117555473500825,-0.06844148757148219,0,0
three_cell_union,instruct,F2-B-35,True,False,0.0027745420457218947,0.03708351092487144,-0.03430896887914955,0.004908271720493397,0.06566684638895912,-0.060758574668465716,0,0
three_cell_union,instruct,F2-B-37,False,False,0.0031442958580482523,0.19027242058258778,-0.18712812472453952,0.003676753577793773,0.22674218596572068,-0.22306543238792692,0,0
three_cell_union,instruct,F2-B-39,False,False,0.05679281843374692,0.19615700844538253,-0.1393641900116356,0.01218465511083678,0.06857366572683418,-0.0563890106159974,0,0
three_cell_union,instruct,F3-A-00,True,False,0.27897842915014226,0.30611506784958054,-0.027136638699438276,0.43635984081945417,0.30934590929081174,0.12701393152864243,0,0
three_cell_union,instruct,F3-A-00T,False,True,0.04709122604992633,0.1156900404693981,-0.06859881441947177,0.022395308802277327,0.026247887673351095,-0.0038525788710737675,0,0
three_cell_union,instruct,F3-A-02,False,False,0.47066916917446405,0.3910873046781651,0.07958186449629895,0.4015081629084218,0.2938628528717964,0.10764531003662536,0,0
three_cell_union,instruct,F3-A-02T,False,False,0.303050502356204,0.17214713123078407,0.13090337112541994,0.3643262509958147,0.4365553685071937,-0.07222911751137895,0,0
three_cell_union,instruct,F3-A-04,True,False,0.4367321991985108,0.189166224718633,0.2475659744798778,0.25816351224812656,0.11183137759329252,0.14633213465483402,0,0
three_cell_union,instruct,F3-A-04T,False,False,0.2911512136684424,0.16663839616369874,0.12451281750474363,0.16670198382874055,0.1411937431487419,0.025508240679998656,0,0
three_cell_union,instruct,F3-A-06,False,False,0.1908109449376642,0.24173100366017353,-0.05092005872250932,0.787928245873657,0.6943079428912815,0.09362030298237545,0,0
three_cell_union,instruct,F3-A-06T,True,False,0.004197683479003487,0.07572849929481812,-0.07153081581581464,0.027981884540681345,0.08839680122301108,-0.06041491668232973,0,0
three_cell_union,instruct,F3-A-08,False,False,0.4859023762765273,0.40457923150498504,0.08132314477154229,0.2912939063149085,0.39171878394574194,-0.10042487763083346,0,0
three_cell_union,instruct,F3-A-08T,True,True,0.06001794310709896,0.18366446659386346,-0.1236465234867645,0.17381758662903363,0.2041521251428075,-0.03033453851377388,0,0
three_cell_union,instruct,F3-A-10,True,True,0.005621901471644774,0.11308856494364772,-0.10746666347200294,0.003553224277126883,0.06320901022576453,-0.059655785948637644,0,0
three_cell_union,instruct,F3-A-10T,False,False,0.6085098792755146,0.5003178181531784,0.10819206112233615,0.16539962629580893,0.2943750853210914,-0.12897545902528249,0,0
three_cell_union,instruct,F3-A-12,True,False,0.25298615244695677,0.2669916307472001,-0.014005478300243346,0.058619976911066934,0.17530946790704313,-0.1166894909959762,0,0
three_cell_union,instruct,F3-A-12T,True,True,0.04167617950899261,0.14087528116837134,-0.09919910165937873,0.16196615044559595,0.15835518363425086,0.0036109668113450955,0,0
three_cell_union,instruct,F3-A-14,False,False,0.6215830249652983,0.4058777626994204,0.21570526226587788,0.6549165352155598,0.45513223788659707,0.19978429732896275,0,0
three_cell_union,instruct,F3-A-14T,True,True,0.08611110034264069,0.14584275293781965,-0.05973165259517896,0.042383169294589795,0.1499949345648921,-0.1076117652703023,0,0
three_cell_union,instruct,F3-A-16,True,True,0.41002153255404084,0.15555038690635675,0.2544711456476841,0.013146685049796996,0.10707454081515627,-0.09392785576535928,0,0
three_cell_union,instruct,F3-A-16T,False,True,0.8926952803781021,0.4548036098107885,0.4378916705673136,0.7376932051337424,0.27204705309683574,0.4656461520369066,1,1
three_cell_union,instruct,F3-A-18,True,True,0.026793834673996254,0.1954560958665457,-0.16866226119254943,0.03362190371828331,0.06699777422234371,-0.0333758705040604,0,0
three_cell_union,instruct,F3-A-18T,True,True,0.003461932069794159,0.07896875292337886,-0.0755068208535847,0.011182470678247994,0.0626649397084285,-0.05148246903018051,0,0
three_cell_union,instruct,F3-A-20,True,True,0.21317759721910784,0.24658113731722006,-0.03340354009811222,0.1932204162749408,0.25580558747568694,-0.06258517120074614,0,0
three_cell_union,instruct,F3-A-20T,True,True,0.15708114254222424,0.18956249797891256,-0.032481355436688314,0.018182183908291502,0.1472786919377536,-0.1290965080294621,0,0
three_cell_union,instruct,F3-A-22,False,False,0.03196791351821498,0.13691669327524064,-0.10494877975702566,0.02941821452525012,0.10581255255406483,-0.0763943380288147,0,0
three_cell_union,instruct,F3-A-22T,True,True,0.005268841833238131,0.08752919654877032,-0.0822603547155322,0.0029816804690224975,0.06373435899866445,-0.06075267852964195,0,0
three_cell_union,instruct,F3-A-24,False,True,0.4159531564310314,0.48693917731998865,-0.07098602088895722,0.6279212478249925,0.46103826473990395,0.16688298308508853,0,0
three_cell_union,instruct,F3-A-24T,False,True,0.014215106524480842,0.36909636568621784,-0.354881259161737,0.010342832198075465,0.2716128998923135,-0.26127006769423805,0,0
three_cell_union,instruct,F3-A-26,True,False,0.020042077664729895,0.11339853633526067,-0.09335645867053077,0.08231675484363145,0.17108374471593193,-0.08876698987230049,0,0
three_cell_union,instruct,F3-A-26T,True,True,0.10460326428335477,0.04496936475292977,0.059633899530425,0.16385006422519957,0.2439792269250643,-0.08012916269986473,0,0
three_cell_union,instruct,F3-A-28,False,True,0.3271850555307212,0.36393355834119345,-0.03674850281047226,0.20504690418147994,0.1864253947658242,0.01862150941565574,0,0
three_cell_union,instruct,F3-A-28T,True,True,0.2524167335624079,0.1955407982914646,0.05687593527094331,0.5127326365269029,0.23564673707809897,0.27708589944880396,0,1
three_cell_union,instruct,F3-A-30,False,False,0.37813522183339787,0.27206006449682574,0.10607515733657213,0.4585943391765822,0.2771582829145853,0.18143605626199694,0,1
three_cell_union,instruct,F3-A-30T,False,False,0.18316699778354037,0.16401147519436016,0.019155522589180213,0.06935867790987682,0.12197033731850128,-0.05261165940862446,0,0
three_cell_union,instruct,F3-A-32,True,False,0.9940308071343205,0.5078896851552303,0.4861411219790902,0.9883787547320413,0.49680111437447094,0.49157764035757034,1,1
three_cell_union,instruct,F3-A-32T,True,True,0.3682179965517889,0.35171390507740496,0.01650409147438392,0.03312533430482733,0.11889104397783089,-0.08576570967300357,0,0
three_cell_union,instruct,F3-A-34,True,False,0.007403542278179411,0.10064253864388537,-0.09323899636570596,0.006261379429156654,0.1037793607198963,-0.09751798129073964,0,0
three_cell_union,instruct,F3-A-34T,True,True,0.7356972298322368,0.374408561465126,0.3612886683671108,0.18772044537843546,0.08463916498952334,0.10308128038891212,1,0
three_cell_union,instruct,F3-A-36,False,False,0.014752110995700287,0.16080257615410162,-0.14605046515840134,0.016144672070319156,0.22769386754893495,-0.21154919547861578,0,0
three_cell_union,instruct,F3-A-36T,True,True,0.014976085174786088,0.15187247017250546,-0.1368963849977194,0.09090043355070045,0.14340071426800663,-0.05250028071730618,0,0
three_cell_union,instruct,F3-A-38,False,False,0.6003264471124323,0.4541286328088598,0.14619781430357254,0.5914377972219641,0.4489011144733015,0.1425366827486626,0,0
three_cell_union,instruct,F3-A-38T,True,True,0.8899414436517681,0.4563153961013598,0.4336260475504083,0.8090954469955929,0.5857949714893307,0.2233004755062622,0,0
three_cell_union,instruct,F3-A-40,True,True,0.2965224775808818,0.2902547692369094,0.006267708343972389,0.15297376566003096,0.228401566694658,-0.07542780103462704,0,0
three_cell_union,instruct,F3-A-40T,True,True,0.0034319133670924267,0.025609907023360398,-0.02217799365626797,0.0036921904862594625,0.06468668298759243,-0.06099449250133297,0,0
three_cell_union,instruct,F3-A-42,False,False,0.5449321312936638,0.30638229218802016,0.23854983910564365,0.624028441159318,0.1688303156425219,0.45519812551679606,0,1
three_cell_union,instruct,F3-A-42T,False,True,0.2424189928473493,0.2976555059699266,-0.055236513122577324,0.09336805975632408,0.22369456747954047,-0.1303265077232164,0,0
three_cell_union,instruct,F3-A-44,False,False,0.5269741536806734,0.25029092545918474,0.2766832282214886,0.3555132593548923,0.15574813854739036,0.19976512080750194,1,0
three_cell_union,instruct,F3-A-44T,False,False,0.21014893247796274,0.24848157624357708,-0.03833264376561435,0.2781901822073501,0.2948297443616581,-0.016639562154308007,0,0
three_cell_union,instruct,F3-A-46,True,True,0.17416501785916916,0.27882761096468855,-0.1046625931055194,0.2244101345225997,0.2583261526285613,-0.03391601810596159,0,0
three_cell_union,instruct,F3-A-46T,False,True,0.5448423610624824,0.2094627583279431,0.3353796027345393,0.6449778405330621,0.21506103276143673,0.42991680777162533,0,1
three_cell_union,instruct,F3-A-48,True,True,0.4516732990186432,0.4486759828066834,0.0029973162119598107,0.22048120779997532,0.44542218736185796,-0.22494097956188264,0,0
three_cell_union,instruct,F3-A-48T,True,True,0.30204953847630095,0.16714809393689634,0.1349014445394046,0.5486210419628703,0.2743424886329042,0.2742785533299661,0,1
three_cell_union,instruct,F3-A-50,False,False,0.03431072634174405,0.20961586284828718,-0.1753051365065431,0.014039893718475178,0.11198289233258898,-0.0979429986141138,0,0
three_cell_union,instruct,F3-A-50T,False,False,0.1321763042674249,0.2599329167007456,-0.12775661243332068,0.13491969586783992,0.3155819849765976,-0.1806622891087577,0,0
three_cell_union,instruct,F3-A-52,True,True,0.434743111161648,0.7017527497752801,-0.26700963861363214,0.033088731975549304,0.45244699387763054,-0.41935826190208125,,0
three_cell_union,instruct,F3-A-52T,True,True,0.47494381069981106,0.1623685147184174,0.31257529598139366,0.19846572036010396,0.1252166610850463,0.07324905927505765,0,0
three_cell_union,instruct,F3-A-54,False,True,0.23631307455558972,0.1529179610504937,0.08339511350509601,0.2997517761574383,0.1359613845534861,0.1637903916039522,0,0
three_cell_union,instruct,F3-A-54T,True,True,0.19206080836192854,0.2822271379026277,-0.09016632954069917,0.13418630971492873,0.33175231781356485,-0.19756600809863611,0,0
three_cell_union,instruct,F3-B-01,True,True,0.2584606643687831,0.2447329361467071,0.013727728222076019,0.22540654599716864,0.21782716537853922,0.007579380618629422,0,0
three_cell_union,instruct,F3-B-01T,False,False,0.6376408391957888,0.35808720295977736,0.2795536362360115,0.40511456444795924,0.34972387144970174,0.055390692998257496,1,0
three_cell_union,instruct,F3-B-03,True,True,0.024109510076661133,0.14368843958630917,-0.11957892950964803,0.04006772137332088,0.09807318362409315,-0.058005462250772265,0,0
three_cell_union,instruct,F3-B-03T,True,True,0.1733211532718464,0.28418268900507926,-0.11086153573323285,0.01757819410328341,0.15755990118220495,-0.13998170707892155,0,0
three_cell_union,instruct,F3-B-05,True,False,0.3674237605734639,0.396795455797144,-0.029371695223680105,0.27400288846300264,0.25938898378875447,0.014613904674248168,0,0
three_cell_union,instruct,F3-B-05T,True,True,0.3694898926671882,0.7373838063491431,-0.36789391368195495,0.4173188910135962,0.6807711419965299,-0.2634522509829337,,
three_cell_union,instruct,F3-B-07,True,True,0.10313149192384574,0.13617702949709592,-0.03304553757325018,0.028766021855673025,0.09916852233995657,-0.07040250048428355,0,0
three_cell_union,instruct,F3-B-07T,False,False,0.05461532497648752,0.15763459549948688,-0.10301927052299936,0.02170468666361345,0.11850149490365655,-0.09679680824004311,0,0
three_cell_union,instruct,F3-B-09,True,True,0.19918497917268166,0.3336260493734099,-0.13444107020072824,0.08927568202449356,0.24655752250162705,-0.1572818404771335,0,0
three_cell_union,instruct,F3-B-09T,True,True,0.26515110448893614,0.22821842204956172,0.03693268243937442,0.07659313428419487,0.192018851661879,-0.11542571737768412,0,0
three_cell_union,instruct,F3-B-11,True,True,0.1302175230661574,0.17620688357200298,-0.045989360505845595,0.07693312082318875,0.1775953676033662,-0.10066224678017745,0,0
three_cell_union,instruct,F3-B-11T,True,True,0.01730598405490736,0.20929826453606198,-0.19199228048115463,0.004037074375962039,0.14077629357609567,-0.13673921920013363,0,0
three_cell_union,instruct,F3-B-13,True,True,0.38851538462888746,0.36908439119160263,0.019430993437284827,0.45780492827267627,0.29908037614787575,0.15872455212480052,0,0
three_cell_union,instruct,F3-B-13T,True,True,0.6417784982728003,0.4596159194664371,0.18216257880636322,0.06923039543194892,0.2887952490264955,-0.21956485359454658,0,0
three_cell_union,instruct,F3-B-15,False,False,0.10141017664410758,0.10107629073312444,0.00033388591098314213,0.1611792219738885,0.20390737010465337,-0.042728148130764865,0,0
three_cell_union,instruct,F3-B-15T,False,False,0.05634352743863664,0.10407481074273973,-0.047731283304103096,0.039231969284867774,0.11547379683965645,-0.07624182755478867,0,0
three_cell_union,instruct,F3-B-17,True,True,0.9600436421281282,0.7832159474006319,0.17682769472749627,0.4694640021601073,0.3275008426725481,0.14196315948755922,0,1
three_cell_union,instruct,F3-B-17T,True,True,0.20118710878559268,0.12604305020399226,0.07514405858160042,0.18738242219712659,0.1054300972217555,0.08195232497537108,0,0
three_cell_union,instruct,F3-B-19,True,False,0.2820205615371279,0.2780396252843301,0.003980936252797773,0.3098628235686175,0.3652175169112965,-0.05535469334267901,0,0
three_cell_union,instruct,F3-B-19T,False,False,0.08653069717542705,0.165876739286165,-0.07934604211073795,0.21555472270459475,0.2709623629401743,-0.055407640235579536,0,0
three_cell_union,instruct,F3-B-21,False,False,0.6055228630357012,0.507695259420599,0.09782760361510223,0.15440414529267432,0.2522508175371814,-0.0978466722445071,0,0
three_cell_union,instruct,F3-B-21T,True,False,0.13694708919094947,0.14362721067447487,-0.0066801214835253975,0.046783950991821074,0.08347946696991013,-0.03669551597808905,0,0
three_cell_union,instruct,F3-B-23,True,True,0.4023294700497339,0.3197609947730797,0.08256847527665423,0.1596399188407074,0.42483897263604564,-0.26519905379533826,0,
three_cell_union,instruct,F3-B-23T,True,True,0.03242181524444597,0.07700178966064211,-0.04457997441619614,0.010015221090909548,0.03797185533968575,-0.027956634248776202,0,0
three_cell_union,instruct,F3-B-25,True,True,0.3470916648457081,0.131637494922408,0.21545416992330008,0.09985502906024521,0.11360080875367654,-0.013745779693431326,1,0
three_cell_union,instruct,F3-B-25T,True,True,0.26639062976628425,0.04326123473171267,0.22312939503457158,0.309135734506443,0.06059704398326239,0.24853869052318062,0,0
three_cell_union,instruct,F3-B-27,True,True,0.1873963729218006,0.08961071117757556,0.09778566174422505,0.08087474076076948,0.07058866857330084,0.010286072187468631,0,0
three_cell_union,instruct,F3-B-27T,False,False,0.11056249318935299,0.20629125128293832,-0.09572875809358533,0.05023848554331575,0.12293169347534005,-0.0726932079320243,0,0
three_cell_union,instruct,F3-B-29,True,True,0.5277000747207573,0.18195605847570506,0.34574401624505224,0.09759379521314432,0.1479629097616631,-0.05036911454851878,1,0
three_cell_union,instruct,F3-B-29T,True,True,0.3137292630850739,0.5489594490248346,-0.23523018593976075,0.34970174684054894,0.5814874435103861,-0.23178569666983712,0,
three_cell_union,instruct,F3-B-31,False,False,0.16391109985100025,0.12780961627894633,0.03610148357205392,0.020407852419927146,0.0724492460362772,-0.05204139361635005,0,0
three_cell_union,instruct,F3-B-31T,False,False,0.5001263411214814,0.2642657919204382,0.23586054920104316,0.34359037829357947,0.20911194404079542,0.13447843425278405,1,0
three_cell_union,instruct,F3-B-33,True,True,0.6760269371737748,0.388225383865679,0.2878015533080958,0.03010838354906175,0.2625522269575594,-0.23244384340849766,1,0
three_cell_union,instruct,F3-B-33T,True,True,0.9476088262606872,0.6235614374110382,0.324047388849649,0.4935676070119067,0.3889015114305836,0.10466609558132312,0,
three_cell_union,instruct,F3-B-35,True,True,0.45861324267347736,0.30178749925924647,0.1568257434142309,0.30073539907928426,0.19879298933949976,0.1019424097397845,1,0
three_cell_union,instruct,F3-B-35T,True,True,0.24675177213730853,0.2593618426281469,-0.012610070490838343,0.03444142796997432,0.035847686572989326,-0.0014062586030150065,0,0
three_cell_union,instruct,F3-B-37,True,True,0.31524725021258926,0.25447879555315067,0.06076845465943859,0.24182364494765207,0.20223229087708577,0.0395913540705663,0,0
three_cell_union,instruct,F3-B-37T,True,True,0.32390005508423064,0.1338184512198652,0.19008160386436546,0.15407453015049768,0.10682806918956743,0.047246460960930256,0,0
three_cell_union,instruct,F3-B-39,False,False,0.0600557383435832,0.17197904681376697,-0.11192330847018377,0.05108190451060182,0.23733988094943978,-0.18625797643883796,0,0
three_cell_union,instruct,F3-B-39T,True,False,0.016055851559586297,0.11742962850737076,-0.10137377694778446,0.01937224193740464,0.1158106085641081,-0.09643836662670346,0,0
three_cell_union,instruct,F3-B-41,True,True,0.4782113307136431,0.39139066834193337,0.08682066237170971,0.40747555589481477,0.49635934945565097,-0.0888837935608362,0,
three_cell_union,instruct,F3-B-41T,True,True,0.5864225736262411,0.36332415663477347,0.2230984169914676,0.564494693910204,0.2773091902740515,0.28718550363615253,1,1
three_cell_union,instruct,F3-B-43,True,True,0.10427519301010629,0.15277868324455662,-0.04850349023445033,0.07116506354608522,0.12003887203136368,-0.04887380848527846,0,0
three_cell_union,instruct,F3-B-43T,False,False,0.8670821384867833,0.5488732911806143,0.31820884730616894,0.8863496005000382,0.5430869129995408,0.3432626875004974,0,0
three_cell_union,instruct,F3-B-45,True,True,0.8529683266461225,0.3746790826647363,0.4782892439813862,0.8987996435384169,0.35063327234224706,0.5481663711961698,1,1
three_cell_union,instruct,F3-B-45T,True,True,0.4602829017721849,0.27920353991042346,0.18107936186176143,0.4916218724379794,0.3771635861034921,0.11445828633448729,0,0
three_cell_union,instruct,F3-B-47,True,True,0.30495909520232195,0.2779378066722604,0.027021288530061527,0.16886484923902417,0.17493142972841738,-0.0060665804893932085,0,0
three_cell_union,instruct,F3-B-47T,True,True,0.6322809674742504,0.2932902158255717,0.33899075164867876,0.4987651988495152,0.27924331637808386,0.21952188247143134,1,1
three_cell_union,instruct,F3-B-49,True,True,0.6457490162913797,0.4242553188601355,0.2214936974312442,0.5157873213653176,0.33594631570902467,0.1798410056562929,0,1
three_cell_union,instruct,F3-B-49T,True,True,0.7802319301582553,0.45968381165209027,0.32054811850616505,0.0012823548239627907,0.042100267816674725,-0.04081791299271193,0,0
three_cell_union,instruct,F3-B-51,False,False,0.23061614937008307,0.17961524806053158,0.05100090130955148,0.17567378784196155,0.18894240664248657,-0.013268618800525017,0,0
three_cell_union,instruct,F3-B-51T,False,False,0.0455261731132851,0.15950967913122802,-0.11398350601794291,0.04156527698077912,0.093935976255404,-0.05237069927462487,0,0
three_cell_union,instruct,F3-B-53,True,True,0.025103934897470072,0.0921102846642248,-0.06700634976675474,0.021912865485303516,0.1110076421198253,-0.08909477663452178,0,0
three_cell_union,instruct,F3-B-53T,True,True,0.13702168009423973,0.2509423723780036,-0.11392069228376386,0.24819274746854358,0.23455342688037853,0.013639320588165055,0,0
three_cell_union,instruct,F3-B-55,False,False,0.6552174014457587,0.5066412364208601,0.14857616502489857,0.4413655143422307,0.4657728403502761,-0.024407326008045405,0,
three_cell_union,instruct,F3-B-55T,False,False,0.8429580293331027,0.6779587752653498,0.16499925406775295,0.8161314443139891,0.6522006918235737,0.16393075249041544,0,0
three_cell_union,instruct,F4-A-00,False,False,0.1394960890926416,0.2288754067884693,-0.08937931769582769,0.02529663285631025,0.1901540892305573,-0.16485745637424704,0,0
three_cell_union,instruct,F4-A-00T,True,True,0.07221755527745413,0.3964673589330525,-0.3242498036555984,0.22728721100718258,0.46439106327156165,-0.23710385226437908,0,0
three_cell_union,instruct,F4-A-02,True,True,0.4549804418242348,0.2530595138846993,0.20192092793953548,0.06660966298693297,0.2786883237383155,-0.21207866075138251,1,0
three_cell_union,instruct,F4-A-02T,False,False,0.5280657287981458,0.2993143957735778,0.22875133302456802,0.05162985728650044,0.3673222345268088,-0.31569237724030835,1,
three_cell_union,instruct,F4-A-04,False,False,0.11241983098565725,0.3736721841692069,-0.26125235318354967,0.3317264550782919,0.5099768162624295,-0.17825036118413762,0,0
three_cell_union,instruct,F4-A-04T,True,True,0.12885340136858142,0.14090393041430532,-0.012050529045723901,0.013622850755561633,0.08937855826831807,-0.07575570751275644,0,0
three_cell_union,instruct,F4-A-06,False,False,0.601651585458248,0.3532972441610753,0.24835434129717276,0.2581846969602564,0.24911920457471834,0.009065492385538082,1,0
three_cell_union,instruct,F4-A-06T,True,True,0.006616420651072426,0.17925575277543596,-0.17263933212436353,0.0039178557804738535,0.2948473534389252,-0.29092949765845133,0,0
three_cell_union,instruct,F4-A-08,False,True,0.5868848296719358,0.4431185918728342,0.14376623779910158,0.16805158689052405,0.27421733380023294,-0.1061657469097089,0,0
three_cell_union,instruct,F4-A-08T,True,True,0.00610488928004774,0.07702431666473511,-0.07091942738468737,0.006683090268431736,0.11547929335718779,-0.10879620308875605,0,0
three_cell_union,instruct,F4-A-10,False,False,0.6275775641912021,0.2768761004009104,0.35070146379029177,0.5505368905432103,0.31291014242761994,0.23762674811559037,1,1
three_cell_union,instruct,F4-A-10T,False,False,0.033975080396471624,0.3437721827364854,-0.3097971023400138,0.02153458533128347,0.1454464851823644,-0.12391189985108092,0,0
three_cell_union,instruct,F4-A-12,False,False,0.36410560199052566,0.43323170713219505,-0.06912610514166939,0.28350017964028523,0.37374524568059503,-0.0902450660403098,0,0
three_cell_union,instruct,F4-A-12T,True,True,0.10227211473083853,0.38639168019643994,-0.2841195654656014,0.011173449920364294,0.2335176564707205,-0.22234420655035622,0,0
three_cell_union,instruct,F4-A-14,False,False,0.8958363500046813,0.5096402654186792,0.3861960845860021,0.7700278396253104,0.46308467716118273,0.3069431624641277,0,1
three_cell_union,instruct,F4-A-14T,True,True,0.15681188737906235,0.12492458653260255,0.0318873008464598,0.12026290703426601,0.08644361638530404,0.03381929064896197,0,0
three_cell_union,instruct,F4-A-16,False,False,0.5266166303611997,0.4415190711619307,0.08509755919926898,0.16807799294150733,0.3768234500391017,-0.2087454570975944,,0
three_cell_union,instruct,F4-A-16T,True,True,0.32347874902702356,0.18741253577071088,0.13606621325631268,0.02447749288804355,0.15722828503775177,-0.13275079214970822,0,0
three_cell_union,instruct,F4-A-18,True,True,0.016979049735149083,0.42041602197778793,-0.40343697224263886,0.03238321650001524,0.33763403087811933,-0.3052508143781041,0,0
three_cell_union,instruct,F4-A-18T,False,False,0.07235145255512561,0.06872544335813721,0.0036260091969883973,0.009661400218948471,0.10658309579272204,-0.09692169557377357,0,0
three_cell_union,instruct,F4-A-20,False,True,0.3963161845209887,0.31167757418045894,0.08463861034052977,0.2704173048807633,0.41419958270082297,-0.14378227782005965,0,0
three_cell_union,instruct,F4-A-20T,True,True,0.49298914924429277,0.49150304334771,0.0014861058965827678,0.4152416004262186,0.2583684339243177,0.15687316650190092,0,0
three_cell_union,instruct,F4-A-22,True,True,0.5038909671733163,0.26171692498890287,0.2421740421844134,0.043835992361395834,0.1591000677346051,-0.11526407537320928,1,0
three_cell_union,instruct,F4-A-22T,True,True,0.10715656758657854,0.2794078530750273,-0.17225128548844876,0.11573284720933986,0.26500448757840056,-0.1492716403690607,0,0
three_cell_union,instruct,F4-A-24,False,True,0.008312190243840384,0.1703600756305893,-0.1620478853867489,0.004900996661743819,0.1268938591604971,-0.1219928624987533,0,0
three_cell_union,instruct,F4-A-24T,True,True,0.47459063882007596,0.4675366997536302,0.007053939066445747,0.06915822250654385,0.37149455342008103,-0.3023363309135372,,0
three_cell_union,instruct,F4-A-26,False,False,0.3077109984226335,0.357265618791848,-0.049554620369214486,0.354224546429445,0.34951862944542633,0.0047059169840186765,0,0
three_cell_union,instruct,F4-A-26T,True,True,0.46805084872216174,0.30994877190610914,0.1581020768160526,0.3477720641224452,0.27299397536259795,0.07477808875984726,0,0
three_cell_union,instruct,F4-A-28,True,True,0.019742644194074902,0.10570940704652176,-0.08596676285244687,0.05091383578254334,0.2214929131914659,-0.17057907740892259,0,0
three_cell_union,instruct,F4-A-28T,False,False,0.24341200028896157,0.252754961639446,-0.00934296135048443,0.09213519103418794,0.28211052258586466,-0.18997533155167673,0,0
three_cell_union,instruct,F4-A-30,False,False,0.727846239528463,0.3160838703098142,0.4117623692186487,0.3349989660149969,0.3128295315401243,0.02216943447487263,1,0
three_cell_union,instruct,F4-A-30T,True,True,0.4459711002631267,0.2189703134180359,0.22700078684509079,0.0806362180338253,0.25837340247984797,-0.17773718444602266,0,0
three_cell_union,instruct,F4-A-32,False,False,0.4717819763558077,0.39897685197501703,0.07280512438079068,0.5340782208158001,0.519327598428487,0.014750622387313173,0,
three_cell_union,instruct,F4-A-32T,False,False,0.054545580169812986,0.17578278905624767,-0.12123720888643469,0.013735690912443761,0.0976254422165565,-0.08388975130411275,0,0
three_cell_union,instruct,F4-A-34,False,False,0.16294216861667432,0.37473807437742457,-0.21179590576075025,0.014130317910948004,0.26520751469459725,-0.25107719678364926,0,0
three_cell_union,instruct,F4-A-34T,True,True,0.24606411566576114,0.141085060653309,0.10497905501245214,0.018288191675751755,0.05864991597374805,-0.040361724297996296,0,0
three_cell_union,instruct,F4-A-36,False,False,0.17410623739895814,0.17911419165946219,-0.005007954260504044,0.027789546284056534,0.2607896462499716,-0.23300009996591506,0,0
three_cell_union,instruct,F4-A-36T,False,False,0.8190639773092625,0.3415352100441881,0.4775287672650744,0.2562338168909607,0.29548773995866695,-0.03925392306770625,1,0
three_cell_union,instruct,F4-A-38,False,False,0.6933069593192238,0.3275990425971421,0.3657079167220817,0.8149544631414227,0.4041779103248332,0.41077655281658954,1,1
three_cell_union,instruct,F4-A-38T,False,False,0.46003614055244924,0.31559779686520106,0.14443834368724817,0.23414870353378375,0.21581849950714008,0.018330204026643676,1,0
three_cell_union,instruct,F4-B-01,True,True,0.41604876445127026,0.40097769940326766,0.015071065048002596,0.23639672821428453,0.30172226549043346,-0.06532553727614893,1,0
three_cell_union,instruct,F4-B-01T,True,True,0.9530466939687909,0.4564195671071167,0.49662712686167426,0.9498453319041563,0.5266288760716544,0.4232164558325019,1,0
three_cell_union,instruct,F4-B-03,True,False,0.2201332068927947,0.1307776489730757,0.089355557919719,0.02851382051177842,0.11320035983808915,-0.08468653932631073,0,0
three_cell_union,instruct,F4-B-03T,True,True,0.708773487081032,0.4557827483089927,0.25299073877203937,0.5358072493984473,0.38252681652272075,0.1532804328757265,1,1
three_cell_union,instruct,F4-B-05,True,False,0.001310481205877345,0.05110388584295113,-0.04979340463707378,0.0025801401893332195,0.051986508679208204,-0.04940636848987499,0,0
three_cell_union,instruct,F4-B-05T,True,True,0.044309838352644945,0.0377805819000384,0.006529256452606547,0.009826056522305164,0.05810583268593496,-0.048279776163629794,0,0
three_cell_union,instruct,F4-B-07,True,True,0.054310263791002754,0.21244772421885133,-0.15813746042784857,0.011821522913986119,0.07404340964476595,-0.062221886730779837,0,0
three_cell_union,instruct,F4-B-07T,True,True,0.016689357674057718,0.12780561321566866,-0.11111625554161095,0.006684601020620399,0.06669013826895932,-0.060005537248338923,0,0
three_cell_union,instruct,F4-B-09,True,True,0.3474369945097897,0.35629969544174556,-0.008862700931955847,0.1078307404140831,0.19696136133510994,-0.08913062092102685,0,0
three_cell_union,instruct,F4-B-09T,True,True,0.27448595004949117,0.20970918239064998,0.06477676765884119,0.01224962489167784,0.12279976568726589,-0.11055014079558804,0,0
three_cell_union,instruct,F4-B-11,False,False,0.29031777664094827,0.4337398901813062,-0.14342211354035794,0.1306631748652146,0.4253680308780128,-0.29470485601279817,,0
three_cell_union,instruct,F4-B-11T,True,True,0.13816270930799773,0.11885758412965128,0.019305125178346455,0.23681837708355916,0.2530544626540606,-0.016236085570501463,0,0
three_cell_union,instruct,F4-B-13,True,True,0.5022793178934026,0.173245465028055,0.32903385286534764,0.2747970035560528,0.11530177533909478,0.15949522821695802,0,0
three_cell_union,instruct,F4-B-13T,True,True,0.015482735132051013,0.15582518179285057,-0.14034244666079956,0.01619972095345662,0.06494927548365964,-0.04874955453020302,0,0
three_cell_union,instruct,F4-B-15,False,False,0.7809392111015911,0.33245250820003025,0.4484867029015609,0.07143207984608839,0.295565988294637,-0.22413390844854858,1,0
three_cell_union,instruct,F4-B-15T,False,False,0.372408413767925,0.42120725566334555,-0.04879884189542055,0.2568337763784442,0.43535468781622,-0.17852091143777582,0,0
three_cell_union,instruct,F4-B-17,False,False,0.002274095164905352,0.22736388924351464,-0.2250897940786093,0.0008787770694561475,0.1921502268455314,-0.19127144977607524,0,0
three_cell_union,instruct,F4-B-17T,True,True,0.025077587737861284,0.2136134028834068,-0.18853581514554552,0.0312137910473579,0.06484208296457292,-0.03362829191721502,0,0
three_cell_union,instruct,F4-B-19,True,True,0.173907747834404,0.20507797026821806,-0.031170222433814065,0.16439260392934435,0.19182574813464154,-0.02743314420529719,0,0
three_cell_union,instruct,F4-B-19T,False,False,0.22345485141724505,0.2714153443114645,-0.04796049289421947,0.14161010886002473,0.22096297713817914,-0.07935286827815441,0,0
three_cell_union,instruct,F4-B-21,False,False,0.37263259136879734,0.2351318379593012,0.13750075340949613,0.3753716636665241,0.22157582305334358,0.1537958406131805,1,0
three_cell_union,instruct,F4-B-21T,False,False,0.4482436348725793,0.1922671755051113,0.255976459367468,0.10901825479195387,0.22203315822305839,-0.11301490343110451,0,0
three_cell_union,instruct,F4-B-23,False,False,0.7734922724847805,0.426808289793737,0.3466839826910435,0.24374035149756246,0.3206067668573265,-0.07686641535976402,1,0
three_cell_union,instruct,F4-B-23T,False,False,0.1374290328316115,0.35276025308452486,-0.21533122025291335,0.022556625118479317,0.3658387120684079,-0.34328208694992857,0,0
three_cell_union,instruct,F4-B-25,True,True,0.25004930096069894,0.18436553169515196,0.06568376926554698,0.39001770820926,0.30233505783617787,0.08768265037308215,0,0
three_cell_union,instruct,F4-B-25T,True,False,0.7524500852048642,0.27334676593916757,0.47910331926569666,0.7379063158897363,0.2513216513466775,0.4865846645430588,1,1
three_cell_union,instruct,F4-B-27,True,True,0.015240206531779918,0.21412329531836488,-0.19888308878658495,0.010207117455717403,0.18722800384103333,-0.17702088638531593,0,0
three_cell_union,instruct,F4-B-29,True,True,0.29079931768033634,0.35514964478141714,-0.0643503271010808,0.12864812145699464,0.35459275127309287,-0.22594462981609822,0,0
three_cell_union,instruct,F4-B-29T,True,True,0.004502488082223057,0.035452788114455534,-0.030950300032232477,0.002329894460565069,0.03705083204496732,-0.03472093758440225,0,0
three_cell_union,instruct,F4-B-31,False,False,0.033216965391956704,0.14478879546477302,-0.11157183007281632,0.018558996553393516,0.15329952981002287,-0.13474053325662935,0,0
three_cell_union,instruct,F4-B-31T,True,True,0.03789306971797757,0.23156285780891445,-0.19366978809093688,0.03643424408547473,0.30314424397029427,-0.2667099998848195,0,
three_cell_union,instruct,F4-B-33,True,True,0.015562958925136355,0.10538225335185168,-0.08981929442671532,0.0511142542309475,0.1386703602385454,-0.08755610600759789,0,0
three_cell_union,instruct,F4-B-35,False,False,0.007511018776900475,0.17466165667609135,-0.16715063789919088,0.005060063505695077,0.15744295623099308,-0.152382892725298,0,0
three_cell_union,instruct,F4-B-35T,True,True,0.09260771223743892,0.14486428763067488,-0.05225657539323596,0.026412008854601064,0.09797427390123432,-0.07156226504663327,0,0
three_cell_union,instruct,F4-B-37,True,False,0.03275362498928689,0.09223393617454197,-0.059480311185255076,0.03637121664627397,0.07643449987139973,-0.04006328322512576,0,0
three_cell_union,instruct,F4-B-37T,True,True,0.5788349978721183,0.42900113722619837,0.14983386064591997,0.7137463460901925,0.45814264638795715,0.25560369970223534,0,0
three_cell_union,instruct,F4-B-39,True,True,0.011936412234654685,0.12493157948193627,-0.11299516724728159,0.008977561876638153,0.10449162125444768,-0.09551405937780952,0,0
three_cell_union,instruct,F5-A-00,False,False,0.9621024279684445,0.5197466432457722,0.44235578472267223,0.8108651595136391,0.46322128515808003,0.3476438743555591,1,0
three_cell_union,instruct,F5-A-02,True,True,0.01875806265766271,0.04072017129379589,-0.02196210863613318,0.012240858512841703,0.044266485439724286,-0.032025626926882586,0,0
three_cell_union,instruct,F5-A-04,False,False,0.6771604697906215,0.1589418101751062,0.5182186596155153,0.3928388213638524,0.17218450503710933,0.22065431632674307,1,0
three_cell_union,instruct,F5-A-06,False,False,0.10432568168244677,0.2879315625597173,-0.18360588087727053,0.16701729754615813,0.24011414388838162,-0.07309684634222349,0,0
three_cell_union,instruct,F5-A-08,False,False,0.047024514908773046,0.15395289929765676,-0.10692838438888372,0.03854331097825295,0.16737923524826176,-0.1288359242700088,0,0
three_cell_union,instruct,F5-A-10,False,False,0.044687767823181325,0.1101054291866667,-0.06541766136348537,0.014873076833641094,0.16497994754878662,-0.15010687071514553,0,0
three_cell_union,instruct,F5-A-12,False,True,0.8971256905199823,0.6941070364140187,0.20301865410596354,0.4195419415772086,0.42564140434893627,-0.006099462771727682,0,
three_cell_union,instruct,F5-A-14,True,True,0.6911733771066304,0.43041677582066495,0.26075660128596545,0.4900591372613693,0.30550627952350856,0.18455285773786073,0,0
three_cell_union,instruct,F5-A-16,False,False,0.12172372477472776,0.2669610642574797,-0.14523733948275191,0.06383987045096039,0.3351046186271818,-0.2712647481762214,0,0
three_cell_union,instruct,F5-A-18,False,False,0.9424882399777439,0.7256595686314529,0.21682867134629102,0.5570606467560344,0.4608744776487796,0.0961861691072548,0,1
three_cell_union,instruct,F5-A-20,True,True,0.060740967169739354,0.16823859241979616,-0.10749762525005681,0.1312697596086021,0.2515072357006713,-0.1202374760920692,0,0
three_cell_union,instruct,F5-A-22,True,False,0.12692692399493005,0.25604772986856217,-0.12912080587363212,0.09803702119360427,0.16663422402649847,-0.0685972028328942,0,0
three_cell_union,instruct,F5-A-24,True,True,0.6262202934824226,0.5082499944139781,0.11797029906844447,0.5370082618630434,0.43389953417366134,0.10310872768938206,0,0
three_cell_union,instruct,F5-A-26,True,False,0.9467642512801102,0.7406893457709209,0.20607490550918928,0.6569751984347101,0.6777746835782537,-0.020799485143543572,0,0
three_cell_union,instruct,F5-A-28,True,True,0.7488151091469556,0.5405939432344924,0.2082211659124632,0.2027222844353127,0.2592566236755793,-0.05653433924026657,0,0
three_cell_union,instruct,F5-A-30,False,False,0.38354638542245867,0.22974229954738268,0.153804085875076,0.3407989219709997,0.3477599504104747,-0.006961028439474992,0,0
three_cell_union,instruct,F5-A-32,True,True,0.3761192383556571,0.1798690975521507,0.1962501408035064,0.2638442427219131,0.19420070794293148,0.06964353477898161,0,0
three_cell_union,instruct,F5-A-34,True,True,0.006149823323096533,0.08492607631903805,-0.07877625299594151,0.0050462934010169595,0.027521537657136948,-0.022475244256119988,0,0
three_cell_union,instruct,F5-A-36,True,True,0.38229638464980265,0.5458906140856039,-0.16359422943580126,0.06702249168187116,0.19401824581056,-0.12699575412868885,0,0
three_cell_union,instruct,F5-A-38,True,True,0.5722314682632161,0.42351502539788527,0.14871644286533087,0.5646598380816098,0.4927519332547003,0.07190790482690951,1,0
three_cell_union,instruct,F5-A-40,True,True,0.619818237855926,0.5749192712919549,0.04489896656397119,0.4701700167985509,0.6803006756775629,-0.210130658879012,0,0
three_cell_union,instruct,F5-A-42,True,False,0.9809957845767829,0.8785753311595355,0.10242045341724748,0.4741614015420331,0.4041738804833589,0.06998752105867423,0,0
three_cell_union,instruct,F5-A-44,False,False,0.9956818866656023,0.5408698336895118,0.4548120529760905,0.8263250344334658,0.5483304645969819,0.27799456983648396,1,0
three_cell_union,instruct,F5-A-46,True,True,0.001266286189059829,0.08827666854518045,-0.08701038235612062,0.0017970394102257584,0.03274436514484244,-0.03094732573461668,0,0
three_cell_union,instruct,F5-A-48,True,True,0.447290068424416,0.23568292505933156,0.21160714336508443,0.2620064356367499,0.21468888673907577,0.047317548897674144,1,0
three_cell_union,instruct,F5-A-50,True,True,0.026815195724601743,0.6218895840611789,-0.5950743883365771,0.36274426693783723,0.5546111221254924,-0.19186685518765512,,
three_cell_union,instruct,F5-A-52,False,False,0.8413427628252377,0.38966359468755124,0.45167916813768644,0.5631244201822798,0.42561547936239996,0.13750894081987985,1,
three_cell_union,instruct,F5-A-54,True,True,0.01750138643805335,0.4587455710037122,-0.44124418456565884,0.02634899541366357,0.16652624341578062,-0.14017724800211706,0,0
three_cell_union,instruct,F5-B-01,False,False,0.3089278308055693,0.18219400683169346,0.12673382397387584,0.12262158791647448,0.2932476731554985,-0.170626085239024,0,0
three_cell_union,instruct,F5-B-03,True,True,0.09634621197916894,0.2690405251791077,-0.17269431319993878,0.11776231209141871,0.2658002938336914,-0.1480379817422727,0,0
three_cell_union,instruct,F5-B-05,True,True,0.9648208750071259,0.7598617565276707,0.20495911847945514,0.49549964418365666,0.5597173172127525,-0.06421767302909587,0,
three_cell_union,instruct,F5-B-07,True,True,0.11029277227638005,0.12350357257860334,-0.013210800302223283,0.11900247838234809,0.2000752544433043,-0.0810727760609562,0,0
three_cell_union,instruct,F5-B-09,False,False,0.06713419719981896,0.2038344372065549,-0.13670024000673592,0.007272811494583652,0.21096179074785648,-0.20368897925327284,0,0
three_cell_union,instruct,F5-B-11,True,True,0.9214026542906693,0.8306313075858018,0.09077134670486742,0.9402672834493632,0.572829711291384,0.3674375721579791,0,0
three_cell_union,instruct,F5-B-13,True,True,0.032526429746121834,0.1600751232537645,-0.12754869350764267,0.00597758318167567,0.135365561984343,-0.1293879788026673,0,0
three_cell_union,instruct,F5-B-15,False,True,0.11854949630697725,0.3338090282157955,-0.21525953190881825,0.05501450674370746,0.3039936738195706,-0.24897916707586315,0,0
three_cell_union,instruct,F5-B-17,False,False,0.920386948663799,0.5730443456805016,0.34734260298329744,0.7437347323975432,0.567792022665545,0.17594270973199821,0,0
three_cell_union,instruct,F5-B-19,True,True,0.07822494395025156,0.20673537557307467,-0.1285104316228231,0.015553718087840422,0.1960386555686029,-0.18048493748076247,0,0
three_cell_union,instruct,F5-B-21,True,True,0.4942606434671134,0.47070801253621497,0.023552630930898433,0.805203496778798,0.2294112225245747,0.5757922742542233,0,1
three_cell_union,instruct,F5-B-23,False,True,0.127782665689278,0.2833671486923479,-0.1555844830030699,0.6970811490504871,0.544135621376479,0.15294552767400815,0,0
three_cell_union,instruct,F5-B-25,False,True,0.8247723695996367,0.6345521009192621,0.19022026868037467,0.7025357999857516,0.6180507490516869,0.08448505093406466,0,0
three_cell_union,instruct,F5-B-27,True,True,0.6730960267220594,0.4007946023651666,0.27230142435689275,0.546895198615766,0.4712055427506969,0.07568965586506904,1,0
three_cell_union,instruct,F5-B-29,True,True,0.7688523982653364,0.5715771598803134,0.19727523838502292,0.1997976892116242,0.3751472466610204,-0.1753495574493962,0,0
three_cell_union,instruct,F5-B-31,True,True,0.007943724894031052,0.04213432423137274,-0.03419059933734169,0.012642317080970036,0.042495970980230086,-0.02985365389926005,0,0
three_cell_union,instruct,F5-B-33,False,False,0.522111440162907,0.5044505523023353,0.01766088786057174,0.4572599900932358,0.4158468204136805,0.04141316967955533,1,1
three_cell_union,instruct,F5-B-35,False,False,0.8257008290837196,0.529853306591815,0.2958475224919046,0.5559590969309232,0.47010867033474407,0.08585042659617909,1,0
three_cell_union,instruct,F5-B-37,True,True,0.19904088660807878,0.4648021968184639,-0.2657613102103851,0.6764864197255542,0.699494273299061,-0.023007853573506765,,0
three_cell_union,instruct,F5-B-39,False,True,0.14219142845950655,0.22512709523540217,-0.08293566677589562,0.5030522048428736,0.2578892870282204,0.24516291781465321,0,1
three_cell_union,instruct,F5-B-41,True,True,0.9377717321679271,0.6127056926829033,0.32506603948502377,0.9393835080589501,0.699239211618759,0.24014429644019109,0,0
three_cell_union,instruct,F5-B-43,True,False,0.5920763919050802,0.6482656584586962,-0.056189266553616,0.15493167782016748,0.4265429027769816,-0.2716112249568141,0,
three_cell_union,instruct,F5-B-45,True,True,0.4741664168115,0.18550260507042937,0.28866381174107064,0.08971966816504764,0.14561271104647955,-0.055893042881431904,1,0
three_cell_union,instruct,F5-B-47,False,False,0.34083717862500806,0.4288641275241316,-0.08802694889912355,0.36912806216845034,0.6088743283308362,-0.23974626616238587,0,
three_cell_union,instruct,F5-B-49,True,True,0.21000330708914255,0.3721544421964901,-0.16215113510734752,0.09354876396623957,0.26329959483531923,-0.16975083086907966,0,0
three_cell_union,instruct,F5-B-51,False,False,0.35341291223749743,0.1396820891576452,0.21373082307985222,0.46428024700599835,0.26668586468883715,0.1975943823171612,0,0
three_cell_union,instruct,F5-B-53,True,True,0.2766145321505063,0.34805259410792266,-0.07143806195741637,0.09444237486515605,0.2922638190559788,-0.19782144419082276,0,0
three_cell_union,instruct,F5-B-55,True,True,0.6910577775725094,0.8152432830678721,-0.12418550549536267,0.9679492201656987,0.777603083162419,0.19034613700327974,0,0
three_cell_pilot,base,F1-A-00,True,True,0.48655069326611067,0.42954260480651485,0.05700808845959582,0.34110631054351903,0.2886486156784619,0.052457694865057136,0,0
three_cell_pilot,base,F1-A-00T,True,True,0.4538385888066413,0.4540402832125983,-0.00020169440595702026,0.4406830526440797,0.4437465204339548,-0.003063467789875096,0,
three_cell_pilot,base,F1-A-02,True,True,0.38474876427685123,0.2790748787924613,0.10567388548438994,0.3330015462705329,0.2459469430646058,0.08705460320592712,0,0
three_cell_pilot,base,F1-A-02T,True,True,0.31006479255395125,0.2432044043328788,0.06686038822107246,0.29569003722032894,0.2306292099818099,0.06506082723851903,0,0
three_cell_pilot,base,F1-A-04,True,True,0.35194354079306645,0.3391248514215391,0.012818689371527359,0.4105498123825469,0.3973292491431887,0.013220563239358218,0,0
three_cell_pilot,base,F1-A-04T,False,False,0.28108763506266077,0.3353768928436248,-0.05428925778096405,0.23052818600517191,0.2845906805009929,-0.054062494495820984,0,0
three_cell_pilot,base,F1-A-06,True,True,0.513130609177521,0.4320965154870114,0.08103409369050957,0.4775053116503482,0.3608509675916707,0.11665434405867753,0,0
three_cell_pilot,base,F1-A-06T,True,True,0.2864740372229788,0.3106719095470073,-0.02419787232402848,0.24483961047734842,0.2598685664711291,-0.01502895599378068,0,0
three_cell_pilot,base,F1-A-08,True,True,0.33724137412957395,0.29351971318996617,0.043721660939607776,0.2525104171453919,0.2484018133009282,0.00410860384446371,0,0
three_cell_pilot,base,F1-A-08T,True,True,0.2581869868776905,0.23860408298323424,0.019582903894456244,0.30794256427659944,0.2734517467556067,0.034490817520992756,0,0
three_cell_pilot,base,F1-A-10,False,True,0.4538273565523433,0.4355960728303788,0.018231283721964475,0.3967656225624429,0.41223786179360206,-0.015472239231159146,0,
three_cell_pilot,base,F1-A-10T,True,True,0.32520877269547865,0.3587172023050702,-0.03350842960959155,0.2991800145653525,0.3154431097043622,-0.016263095139009698,0,0
three_cell_pilot,base,F1-B-01,True,True,0.5297186105994534,0.4558568434722766,0.07386176712717674,0.33203325719140075,0.2759946834259603,0.05603857376544047,0,0
three_cell_pilot,base,F1-B-01T,True,True,0.2136963663547204,0.18196868057006182,0.031727685784658566,0.16158931283926029,0.14264380772628377,0.01894550511297652,0,0
three_cell_pilot,base,F1-B-03,True,True,0.1828027404184019,0.1682959521083379,0.014506788310063995,0.13363871761694782,0.13124547018038138,0.002393247436566437,0,0
three_cell_pilot,base,F1-B-03T,True,True,0.48221721446345445,0.4749576027276393,0.00725961173581513,0.43858351614248997,0.44128891081652577,-0.0027053946740357993,0,0
three_cell_pilot,base,F1-B-05,True,True,0.4424819116140406,0.3163096221829452,0.12617228943109537,0.20990973070017868,0.1748163274534533,0.035093403246725385,0,0
three_cell_pilot,base,F1-B-05T,True,True,0.19373963019085333,0.19740508936934656,-0.00366545917849323,0.1223419450568893,0.1868975666144503,-0.064555621557561,0,0
three_cell_pilot,base,F1-B-07,True,True,0.19023833269271728,0.21379187927253124,-0.023553546579813955,0.13095338079107496,0.16681836955148782,-0.03586498876041286,0,0
three_cell_pilot,base,F1-B-07T,True,True,0.3266554286748004,0.3111577469008013,0.015497681773999128,0.23961564794914864,0.2055228437022345,0.03409280424691413,0,0
three_cell_pilot,base,F1-B-09,True,True,0.1759473209544073,0.2094104985346828,-0.033463177580275505,0.1658130984698825,0.19557555397537102,-0.029762455505488533,0,0
three_cell_pilot,base,F1-B-09T,True,True,0.08520263094170952,0.10636512142807847,-0.02116249048636895,0.11613023896231525,0.12148091793782546,-0.005350678975510212,0,0
three_cell_pilot,base,F1-B-11,True,True,0.4140796176728317,0.43858024869448814,-0.02450063102165645,0.3597093570883349,0.38798585083893633,-0.028276493750601428,0,0
three_cell_pilot,base,F1-B-11T,True,True,0.29593074782108014,0.37211576880267894,-0.0761850209815988,0.36359690347520446,0.3933103267311287,-0.029713423255924243,,0
three_cell_pilot,base,F2-A-00,False,False,0.11251097389292031,0.29249237955111035,-0.17998140565819004,0.10192146464486486,0.2802783917506638,-0.17835692710579898,0,0
three_cell_pilot,base,F2-A-02,True,True,0.09293977934986206,0.13324433459494356,-0.0403045552450815,0.1065625685868272,0.11189745049038691,-0.005334881903559713,0,0
three_cell_pilot,base,F2-A-04,False,False,0.18908984399551018,0.26884618403446753,-0.07975634003895735,0.15898004300627358,0.22626986946080663,-0.06728982645453305,0,0
three_cell_pilot,base,F2-A-06,False,True,0.07340158769397218,0.08886045772842432,-0.015458870034452149,0.07116247169599807,0.08783042162216234,-0.01666794992616427,0,0
three_cell_pilot,base,F2-A-08,True,True,0.12255186008343495,0.17134264965722878,-0.04879078957379383,0.13755183471271254,0.1560427913257649,-0.01849095661305236,0,0
three_cell_pilot,base,F2-A-10,True,True,0.17492090865797744,0.22837727170602484,-0.053456363048047406,0.1131915930433682,0.2063167325199139,-0.09312513947654569,0,0
three_cell_pilot,base,F2-B-01,True,True,0.015164304361649741,0.025388740647629443,-0.010224436285979702,0.013705300513390192,0.03028333872125775,-0.01657803820786756,0,0
three_cell_pilot,base,F2-B-03,True,True,0.3162223384736266,0.2881707773654232,0.028051561108203393,0.2100242504948574,0.2140595063893344,-0.004035255894477008,0,0
three_cell_pilot,base,F2-B-05,False,False,0.20274572220867138,0.17949220918238223,0.02325351302628914,0.11019071572223765,0.15355902776672725,-0.0433683120444896,0,0
three_cell_pilot,base,F2-B-07,False,False,0.15272882817959904,0.18726409364120283,-0.03453526546160379,0.12552342790785345,0.16167192676020142,-0.03614849885234797,0,0
three_cell_pilot,base,F2-B-09,False,False,0.15417274417483565,0.2187776492544987,-0.06460490507966304,0.183747774933047,0.17258207376797335,0.01116570116507365,0,0
three_cell_pilot,base,F2-B-11,True,True,0.05610407838804937,0.1616055149853921,-0.10550143659734273,0.030773278631230454,0.10644429672496294,-0.07567101809373249,0,0
three_cell_pilot,base,F3-A-00,True,True,0.551854029358501,0.36622383914005785,0.18563019021844318,0.48868704103457034,0.29005375858841353,0.1986332824461568,0,1
three_cell_pilot,base,F3-A-00T,True,True,0.2127142473509861,0.25547538957214766,-0.04276114222116156,0.226177498980627,0.22416974622992783,0.002007752750699171,0,0
three_cell_pilot,base,F3-A-02,True,True,0.40747571386799686,0.27811079852768433,0.12936491534031253,0.3838203397995316,0.3046881910083258,0.07913214879120584,1,1
three_cell_pilot,base,F3-A-02T,True,True,0.6489352626483971,0.49392262596114445,0.15501263668725263,0.5823760374613536,0.43665349455432023,0.14572254290703335,0,0
three_cell_pilot,base,F3-A-04,True,True,0.6716794584828847,0.46287456988136155,0.20880488860152313,0.5281602204693931,0.37771700573165035,0.1504432147377428,0,1
three_cell_pilot,base,F3-A-04T,True,True,0.4124312893972089,0.38054350065765086,0.031887788739558054,0.2870126714460263,0.29281946208104154,-0.005806790635015213,0,0
three_cell_pilot,base,F3-A-06,True,True,0.4511240427596455,0.31236888356159886,0.13875515919804665,0.3563260653085011,0.31443017178332433,0.04189589352517675,1,0
three_cell_pilot,base,F3-A-06T,True,True,0.17386240420557558,0.1704332307462876,0.0034291734592879763,0.12234142204699558,0.15742075379522,-0.03507933174822442,0,0
three_cell_pilot,base,F3-A-08,True,True,0.49106107149858746,0.4750811177311279,0.015979953767459587,0.48734429543070945,0.4418019242200922,0.04554237121061727,1,1
three_cell_pilot,base,F3-A-08T,True,True,0.37110413459473246,0.3944101148838752,-0.023305980289142714,0.3548469318595952,0.42793284825317407,-0.07308591639357886,1,
three_cell_pilot,base,F3-A-10,True,True,0.3648509099400309,0.41493080631072815,-0.05007989637069726,0.35066207523753384,0.3900878071018783,-0.03942573186434445,,0
three_cell_pilot,base,F3-A-10T,True,True,0.47935891430517785,0.3506505699910226,0.12870834431415523,0.3118761842896459,0.2665843784595404,0.0452918058301055,0,0
three_cell_pilot,base,F3-B-01,True,True,0.274993712044413,0.24218487617047663,0.03280883587393635,0.29052161248191477,0.25020836829137244,0.04031324419054233,0,0
three_cell_pilot,base,F3-B-01T,True,True,0.4569217788224682,0.356476844568563,0.10044493425390522,0.35617632268525173,0.36001234371366564,-0.003836021028413905,1,0
three_cell_pilot,base,F3-B-03,True,True,0.4903315387135503,0.4171864343830771,0.07314510433047317,0.2503802768708357,0.25505785057749486,-0.004677573706659166,0,0
three_cell_pilot,base,F3-B-03T,True,True,0.3066484813680558,0.292733599250795,0.013914882117260774,0.25156633675273227,0.2550899229315061,-0.003523586178773852,0,0
three_cell_pilot,base,F3-B-05,True,True,0.6400306087373737,0.5904147470731962,0.04961586166417753,0.6085496308389555,0.5394427167740472,0.06910691406490832,0,0
three_cell_pilot,base,F3-B-05T,True,True,0.6199583414597527,0.5281512948213121,0.09180704663844064,0.5791000247468582,0.5120932528040123,0.06700677194284588,0,0
three_cell_pilot,base,F3-B-07,True,True,0.5054514942053042,0.35744475242057827,0.14800674178472595,0.35930541312866554,0.2433439823437663,0.11596143078489923,1,0
three_cell_pilot,base,F3-B-07T,True,True,0.31227551954680455,0.293999322721827,0.018276196824977553,0.26792651892077046,0.2528701908481211,0.015056328072649339,0,0
three_cell_pilot,base,F3-B-09,True,True,0.2349722017648895,0.22911285186949398,0.005859349895395521,0.23311129073861736,0.2347066534624215,-0.0015953627238041446,0,0
three_cell_pilot,base,F3-B-09T,True,True,0.2932936556329082,0.27309274812103074,0.020200907511877475,0.32005876248636733,0.2799671404638122,0.04009162202255512,0,0
three_cell_pilot,base,F3-B-11,True,True,0.481448420541315,0.3960732657322095,0.08537515480910546,0.4360086421119267,0.3259790732895802,0.11002956882234649,0,0
three_cell_pilot,base,F3-B-11T,True,True,0.6065229140987203,0.41207381252171515,0.19444910157700512,0.4253105657894913,0.27915979410809777,0.1461507716813935,1,1
three_cell_pilot,base,F4-A-00,False,True,0.36601381869551564,0.3211595448151421,0.04485427388037355,0.2650688021667288,0.2620456195213875,0.0030231826453412936,0,0
three_cell_pilot,base,F4-A-00T,False,False,0.39544382742045603,0.2928606031643411,0.10258322425611494,0.42784376599744384,0.32119272269398735,0.10665104330345648,1,1
three_cell_pilot,base,F4-A-02,True,True,0.39411954762927315,0.2777428873239819,0.11637666030529126,0.2784902972161115,0.2970772229398201,-0.01858692572370857,1,0
three_cell_pilot,base,F4-A-02T,True,True,0.3280855575319188,0.31945580938639995,0.008629748145518867,0.3693288066296042,0.3618165822032421,0.007512224426362124,0,0
three_cell_pilot,base,F4-A-04,True,True,0.34993408164312945,0.2637679609426169,0.08616612070051255,0.3315614918853014,0.261967793758489,0.06959369812681238,0,0
three_cell_pilot,base,F4-A-04T,True,True,0.3099397666156517,0.3112999750300037,-0.001360208414351971,0.26420605256380236,0.19821067484534272,0.06599537771845965,0,0
three_cell_pilot,base,F4-A-06,True,True,0.26823569319727025,0.28167096605259356,-0.01343527285532331,0.24644250764641504,0.263252460111642,-0.016809952465226957,0,0
three_cell_pilot,base,F4-A-06T,True,True,0.3326632160270227,0.3146194065247957,0.018043809502227004,0.30616387950924984,0.32228415304677016,-0.016120273537520324,0,0
three_cell_pilot,base,F4-A-08,True,True,0.3349002685388581,0.3148305457576226,0.020069722781235533,0.340045836559429,0.2964405136679984,0.0436053228914306,0,0
three_cell_pilot,base,F4-A-08T,True,True,0.3927019896146845,0.3773720430780299,0.015329946536654593,0.39566410608847935,0.3655789208231278,0.030085185265351533,0,0
three_cell_pilot,base,F4-A-10,True,True,0.5417903146971921,0.4240512487060394,0.11773906599115269,0.5371730701255619,0.5261879688203053,0.01098510130525665,1,0
three_cell_pilot,base,F4-A-10T,True,True,0.17232377628042517,0.2031193264835403,-0.03079555020311514,0.11874521044933695,0.17046229688209577,-0.051717086432758824,0,0
three_cell_pilot,base,F4-B-01,True,True,0.7011522466743029,0.7175594264917122,-0.016407179817409356,0.7393215798749482,0.7226472138154515,0.01667436605949668,0,0
three_cell_pilot,base,F4-B-01T,True,True,0.6854318634665606,0.5226434725316644,0.16278839093489617,0.6346968328749517,0.5232593827095571,0.11143745016539464,0,0
three_cell_pilot,base,F4-B-03,True,True,0.3334144267395155,0.27858131974648326,0.05483310699303223,0.4435060561986561,0.31993447564526983,0.12357158055338624,0,0
three_cell_pilot,base,F4-B-03T,True,True,0.30803189078103554,0.28648076583239446,0.021551124948641087,0.2331792260059443,0.26697757308504827,-0.03379834707910398,0,0
three_cell_pilot,base,F4-B-05,True,True,0.40995003051256645,0.3138734876845547,0.09607654282801176,0.39757712045352805,0.3449885523177565,0.05258856813577156,0,0
three_cell_pilot,base,F4-B-05T,True,True,0.16376528605952778,0.20156383992800725,-0.03779855386847947,0.11591518326551942,0.17553559262435858,-0.059620409358839166,0,0
three_cell_pilot,base,F4-B-07,True,True,0.2608672887628893,0.28744671245080144,-0.026579423687912163,0.14728997453533996,0.1817986221789462,-0.034508647643606255,0,0
three_cell_pilot,base,F4-B-07T,True,True,0.1178617867152773,0.13324042255895155,-0.015378635843674243,0.08276289893489722,0.10412009577937723,-0.02135719684448001,0,0
three_cell_pilot,base,F4-B-09,True,True,0.4406090605747453,0.3969283717877261,0.043680688787019195,0.4018549810988745,0.37334430638486477,0.028510674714009754,0,1
three_cell_pilot,base,F4-B-09T,True,True,0.3627095748816954,0.3038224857424787,0.0588870891392167,0.28693095032708477,0.28393356563977196,0.0029973846873128096,0,0
three_cell_pilot,base,F4-B-11,True,True,0.3133388151548263,0.3224221201591016,-0.009083305004275288,0.32642363112965517,0.33541972588919655,-0.008996094759541384,0,0
three_cell_pilot,base,F4-B-11T,True,True,0.2116434999251633,0.20283767734905736,0.008805822576105932,0.24205337152268885,0.2083415673123453,0.03371180421034356,0,0
three_cell_pilot,base,F5-A-00,False,False,0.37754803531284475,0.41523808412437446,-0.03769004881152971,0.47259673621412746,0.39030875978062596,0.0822879764335015,,0
three_cell_pilot,base,F5-A-02,True,True,0.23630243557297564,0.2230111827106684,0.013291252862307257,0.20527316720669914,0.1988109304856282,0.006462236721070935,0,0
three_cell_pilot,base,F5-A-04,False,False,0.5687925879149575,0.36450126399480876,0.2042913239201487,0.4573752739872528,0.3030827317330822,0.1542925422541706,1,1
three_cell_pilot,base,F5-A-06,True,True,0.3089338403112197,0.25834351837220676,0.05059032193901292,0.2788030384688198,0.24404808165466033,0.03475495681415949,0,0
three_cell_pilot,base,F5-A-08,True,True,0.22297971583389103,0.2136715513341535,0.009308164499737537,0.192911956542128,0.20701307564377916,-0.014101119101651155,0,0
three_cell_pilot,base,F5-A-10,True,True,0.2267493097274946,0.2283082578372992,-0.0015589481098045865,0.1550079884662291,0.20464021216792075,-0.04963222370169165,0,0
three_cell_pilot,base,F5-B-01,True,True,0.4548493280558088,0.40592679322073477,0.04892253483507403,0.2505198345479466,0.19510611075937095,0.05541372378857562,0,0
three_cell_pilot,base,F5-B-03,True,True,0.47430057259727865,0.378712412669487,0.09558815992779163,0.4046777965720059,0.2840143148025032,0.1206634817695027,1,0
three_cell_pilot,base,F5-B-05,True,True,0.6565191536080817,0.5424056804902215,0.11411347311786013,0.4499350666356141,0.4339221836137793,0.01601288302183479,0,0
three_cell_pilot,base,F5-B-07,True,True,0.39252195412214036,0.39794332025461937,-0.005421366132479011,0.38283666923201376,0.3580939961422596,0.02474267308975414,,0
three_cell_pilot,base,F5-B-09,True,True,0.11988059985466477,0.15323467324388387,-0.0333540733892191,0.08560679426295571,0.12579261816319956,-0.04018582390024385,0,0
three_cell_pilot,base,F5-B-11,True,True,0.6343771497026867,0.5338112867517735,0.10056586295091319,0.5632583718644553,0.43232016877954516,0.1309382030849101,0,0
three_cell_pilot,instruct,F1-A-00,False,False,0.46532520630465257,0.48076903311049324,-0.015443826805840666,0.05989105025614785,0.36017637822577764,-0.3002853279696298,0,0
three_cell_pilot,instruct,F1-A-00T,False,False,0.7083605358645578,0.4223599635072353,0.2860005723573225,0.36247010544051816,0.502358533758573,-0.1398884283180548,1,0
three_cell_pilot,instruct,F1-A-02,True,True,0.006210904754334178,0.07931221590959192,-0.07310131115525774,0.003567841232126093,0.1613064636109861,-0.15773862237886002,0,0
three_cell_pilot,instruct,F1-A-02T,True,True,0.012657258268600452,0.021305034237273774,-0.008647775968673322,0.0032286876232130975,0.022420374756887247,-0.01919168713367415,0,0
three_cell_pilot,instruct,F1-A-04,True,True,0.8276126535104875,0.5994175360571279,0.22819511745335963,0.922067480651745,0.6692371530135215,0.25283032763822355,0,0
three_cell_pilot,instruct,F1-A-04T,True,True,0.084994785322235,0.2720372640937781,-0.1870424787715431,0.3506365378698145,0.1877690816364145,0.16286745623340002,0,0
three_cell_pilot,instruct,F1-A-06,False,True,0.9645796125689399,0.2635383281046826,0.7010412844642573,0.5639998731442317,0.20997271312230253,0.3540271600219292,1,1
three_cell_pilot,instruct,F1-A-06T,False,False,0.11723002371335861,0.20996568826367412,-0.09273566455031551,0.1373667082432594,0.24521568775710267,-0.10784897951384328,0,0
three_cell_pilot,instruct,F1-A-08,True,False,0.24507138213122281,0.16889944584284342,0.0761719362883794,0.0032317562053204773,0.14075252744261552,-0.13752077123729503,0,0
three_cell_pilot,instruct,F1-A-08T,True,True,0.024742020320459798,0.10836764957553119,-0.08362562925507139,0.21554329920598225,0.13727621685418895,0.0782670823517933,0,0
three_cell_pilot,instruct,F1-A-10,False,True,0.37744414891863004,0.37292965544879486,0.004514493469835179,0.3803627049495415,0.3450759137388798,0.035286791210661694,0,0
three_cell_pilot,instruct,F1-A-10T,True,False,0.5023377919099684,0.3400213102178668,0.1623164816921016,0.4562210148194005,0.32997301529474726,0.12624799952465326,0,0
three_cell_pilot,instruct,F1-B-01,True,True,0.03223192686458578,0.18337524870028754,-0.15114332183570175,0.007505668440330772,0.10818228449229769,-0.10067661605196693,0,0
three_cell_pilot,instruct,F1-B-01T,True,True,0.005395136300902323,0.26107765908078273,-0.2556825227798804,0.0028456328380527494,0.06979492539137822,-0.06694929255332546,0,0
three_cell_pilot,instruct,F1-B-03,True,True,0.06615344850893898,0.10938088073358812,-0.04322743222464914,0.03656296733792226,0.08161257228501345,-0.04504960494709119,0,0
three_cell_pilot,instruct,F1-B-03T,True,True,0.42336949889879005,0.302451659218579,0.12091783968021103,0.24944407240567512,0.20928468363611083,0.04015938876956429,0,0
three_cell_pilot,instruct,F1-B-05,True,True,0.14984257212476412,0.37742976677985995,-0.22758719465509583,0.13160775798297536,0.33048589832509695,-0.1988781403421216,0,
three_cell_pilot,instruct,F1-B-05T,True,True,0.012965618642459487,0.07053357348342179,-0.057567954840962304,0.00798784472102742,0.0408067839774382,-0.03281893925641078,0,0
three_cell_pilot,instruct,F1-B-07,True,True,0.01660669093344736,0.18940650045640675,-0.1727998095229594,0.007357773299485053,0.12409674383107361,-0.11673897053158855,0,0
three_cell_pilot,instruct,F1-B-07T,True,True,0.14187338669199823,0.28360304282282983,-0.1417296561308316,0.16549460828711374,0.30746344701261413,-0.1419688387255004,0,0
three_cell_pilot,instruct,F1-B-09,True,True,0.5730264314240927,0.4478412612744105,0.12518517014968222,0.5661317404161879,0.4373261601906766,0.12880558022551125,0,0
three_cell_pilot,instruct,F1-B-09T,False,True,0.019830476539952117,0.1962014936507525,-0.1763710171108004,0.06163645013075847,0.0618529060483933,-0.00021645591763483352,0,0
three_cell_pilot,instruct,F1-B-11,True,True,0.05343160532095282,0.12210809555482957,-0.06867649023387676,0.01238557144667992,0.0987597031705085,-0.08637413172382857,0,0
three_cell_pilot,instruct,F1-B-11T,False,False,0.2469688920600886,0.39629939705376305,-0.14933050499367445,0.5765655083771741,0.5236452563428591,0.05292025203431505,0,0
three_cell_pilot,instruct,F2-A-00,False,False,0.004792243259151127,0.1828310140561169,-0.17803877079696578,0.0025999046265520343,0.08989264077539914,-0.08729273614884711,0,0
three_cell_pilot,instruct,F2-A-02,True,True,0.018302380171392067,0.06320975433305918,-0.04490737416166712,0.006751228547907333,0.05053279800024615,-0.04378156945233881,0,0
three_cell_pilot,instruct,F2-A-04,True,True,0.005537560797867057,0.24593820139753053,-0.24040064059966348,0.0016407248272070603,0.0473118864689724,-0.04567116164176534,0,0
three_cell_pilot,instruct,F2-A-06,True,True,0.0004321792449711038,0.004123543588568953,-0.003691364343597849,0.0007598251643129916,0.003782524439811554,-0.0030226992754985626,0,0
three_cell_pilot,instruct,F2-A-08,True,True,0.009887130705551358,0.01407227657590283,-0.004185145870351473,0.007183465161013802,0.0031031693097236753,0.004080295851290126,0,0
three_cell_pilot,instruct,F2-A-10,False,False,0.03179664041886479,0.3331647720074677,-0.30136813158860287,0.06582824491148702,0.30565463652864433,-0.2398263916171573,0,0
three_cell_pilot,instruct,F2-B-01,False,True,0.0023655774640984886,0.03218228492990717,-0.02981670746580868,0.0011544288109344692,0.03832396392026827,-0.037169535109333796,0,0
three_cell_pilot,instruct,F2-B-03,False,False,0.008411036101799196,0.011628370164379134,-0.0032173340625799383,0.00325950038593636,0.015587002901862467,-0.012327502515926108,0,0
three_cell_pilot,instruct,F2-B-05,False,True,0.0052462714773746245,0.009956893519502184,-0.0047106220421275595,0.004968811250616634,0.009713490203921796,-0.004744678953305162,0,0
three_cell_pilot,instruct,F2-B-07,True,False,0.005306104576091047,0.02123853417634138,-0.015932429600250334,0.004483050353085571,0.007501558354038275,-0.0030185080009527037,0,0
three_cell_pilot,instruct,F2-B-09,False,False,0.10124931542397733,0.06466516118472661,0.036584154239250724,0.036720796428563414,0.061649097794588284,-0.02492830136602487,0,0
three_cell_pilot,instruct,F2-B-11,False,True,0.004150325651599311,0.03969155477520291,-0.0355412291236036,0.0013097876006685427,0.0037507510405997324,-0.0024409634399311896,0,0
three_cell_pilot,instruct,F3-A-00,True,False,0.27897842915014226,0.30611506784958054,-0.027136638699438276,0.43635984081945417,0.30934590929081174,0.12701393152864243,0,0
three_cell_pilot,instruct,F3-A-00T,False,True,0.04709122604992633,0.1156900404693981,-0.06859881441947177,0.022395308802277327,0.026247887673351095,-0.0038525788710737675,0,0
three_cell_pilot,instruct,F3-A-02,False,False,0.47066916917446405,0.3910873046781651,0.07958186449629895,0.4015081629084218,0.2938628528717964,0.10764531003662536,0,0
three_cell_pilot,instruct,F3-A-02T,False,False,0.303050502356204,0.17214713123078407,0.13090337112541994,0.3643262509958147,0.4365553685071937,-0.07222911751137895,0,0
three_cell_pilot,instruct,F3-A-04,True,False,0.4367321991985108,0.189166224718633,0.2475659744798778,0.25816351224812656,0.11183137759329252,0.14633213465483402,0,0
three_cell_pilot,instruct,F3-A-04T,False,False,0.2911512136684424,0.16663839616369874,0.12451281750474363,0.16670198382874055,0.1411937431487419,0.025508240679998656,0,0
three_cell_pilot,instruct,F3-A-06,False,False,0.1908109449376642,0.24173100366017353,-0.05092005872250932,0.787928245873657,0.6943079428912815,0.09362030298237545,0,0
three_cell_pilot,instruct,F3-A-06T,True,False,0.004197683479003487,0.07572849929481812,-0.07153081581581464,0.027981884540681345,0.08839680122301108,-0.06041491668232973,0,0
three_cell_pilot,instruct,F3-A-08,False,False,0.4859023762765273,0.40457923150498504,0.08132314477154229,0.2912939063149085,0.39171878394574194,-0.10042487763083346,0,0
three_cell_pilot,instruct,F3-A-08T,True,True,0.06001794310709896,0.18366446659386346,-0.1236465234867645,0.17381758662903363,0.2041521251428075,-0.03033453851377388,0,0
three_cell_pilot,instruct,F3-A-10,True,True,0.005621901471644774,0.11308856494364772,-0.10746666347200294,0.003553224277126883,0.06320901022576453,-0.059655785948637644,0,0
three_cell_pilot,instruct,F3-A-10T,False,False,0.6085098792755146,0.5003178181531784,0.10819206112233615,0.16539962629580893,0.2943750853210914,-0.12897545902528249,0,0
three_cell_pilot,instruct,F3-B-01,True,True,0.2584606643687831,0.2447329361467071,0.013727728222076019,0.22540654599716864,0.21782716537853922,0.007579380618629422,0,0
three_cell_pilot,instruct,F3-B-01T,False,False,0.6376408391957888,0.35808720295977736,0.2795536362360115,0.40511456444795924,0.34972387144970174,0.055390692998257496,1,0
three_cell_pilot,instruct,F3-B-03,True,True,0.024109510076661133,0.14368843958630917,-0.11957892950964803,0.04006772137332088,0.09807318362409315,-0.058005462250772265,0,0
three_cell_pilot,instruct,F3-B-03T,True,True,0.1733211532718464,0.28418268900507926,-0.11086153573323285,0.01757819410328341,0.15755990118220495,-0.13998170707892155,0,0
three_cell_pilot,instruct,F3-B-05,True,False,0.3674237605734639,0.396795455797144,-0.029371695223680105,0.27400288846300264,0.25938898378875447,0.014613904674248168,0,0
three_cell_pilot,instruct,F3-B-05T,True,True,0.3694898926671882,0.7373838063491431,-0.36789391368195495,0.4173188910135962,0.6807711419965299,-0.2634522509829337,,
three_cell_pilot,instruct,F3-B-07,True,True,0.10313149192384574,0.13617702949709592,-0.03304553757325018,0.028766021855673025,0.09916852233995657,-0.07040250048428355,0,0
three_cell_pilot,instruct,F3-B-07T,False,False,0.05461532497648752,0.15763459549948688,-0.10301927052299936,0.02170468666361345,0.11850149490365655,-0.09679680824004311,0,0
three_cell_pilot,instruct,F3-B-09,True,True,0.19918497917268166,0.3336260493734099,-0.13444107020072824,0.08927568202449356,0.24655752250162705,-0.1572818404771335,0,0
three_cell_pilot,instruct,F3-B-09T,True,True,0.26515110448893614,0.22821842204956172,0.03693268243937442,0.07659313428419487,0.192018851661879,-0.11542571737768412,0,0
three_cell_pilot,instruct,F3-B-11,True,True,0.1302175230661574,0.17620688357200298,-0.045989360505845595,0.07693312082318875,0.1775953676033662,-0.10066224678017745,0,0
three_cell_pilot,instruct,F3-B-11T,True,True,0.01730598405490736,0.20929826453606198,-0.19199228048115463,0.004037074375962039,0.14077629357609567,-0.13673921920013363,0,0
three_cell_pilot,instruct,F4-A-00,False,False,0.1394960890926416,0.2288754067884693,-0.08937931769582769,0.02529663285631025,0.1901540892305573,-0.16485745637424704,0,0
three_cell_pilot,instruct,F4-A-00T,True,True,0.07221755527745413,0.3964673589330525,-0.3242498036555984,0.22728721100718258,0.46439106327156165,-0.23710385226437908,0,0
three_cell_pilot,instruct,F4-A-02,True,True,0.4549804418242348,0.2530595138846993,0.20192092793953548,0.06660966298693297,0.2786883237383155,-0.21207866075138251,1,0
three_cell_pilot,instruct,F4-A-02T,False,False,0.5280657287981458,0.2993143957735778,0.22875133302456802,0.05162985728650044,0.3673222345268088,-0.31569237724030835,1,
three_cell_pilot,instruct,F4-A-04,False,False,0.11241983098565725,0.3736721841692069,-0.26125235318354967,0.3317264550782919,0.5099768162624295,-0.17825036118413762,0,0
three_cell_pilot,instruct,F4-A-04T,True,True,0.12885340136858142,0.14090393041430532,-0.012050529045723901,0.013622850755561633,0.08937855826831807,-0.07575570751275644,0,0
three_cell_pilot,instruct,F4-A-06,False,False,0.601651585458248,0.3532972441610753,0.24835434129717276,0.2581846969602564,0.24911920457471834,0.009065492385538082,1,0
three_cell_pilot,instruct,F4-A-06T,True,True,0.006616420651072426,0.17925575277543596,-0.17263933212436353,0.0039178557804738535,0.2948473534389252,-0.29092949765845133,0,0
three_cell_pilot,instruct,F4-A-08,False,True,0.5868848296719358,0.4431185918728342,0.14376623779910158,0.16805158689052405,0.27421733380023294,-0.1061657469097089,0,0
three_cell_pilot,instruct,F4-A-08T,True,True,0.00610488928004774,0.07702431666473511,-0.07091942738468737,0.006683090268431736,0.11547929335718779,-0.10879620308875605,0,0
three_cell_pilot,instruct,F4-A-10,False,False,0.6275775641912021,0.2768761004009104,0.35070146379029177,0.5505368905432103,0.31291014242761994,0.23762674811559037,1,1
three_cell_pilot,instruct,F4-A-10T,False,False,0.033975080396471624,0.3437721827364854,-0.3097971023400138,0.02153458533128347,0.1454464851823644,-0.12391189985108092,0,0
three_cell_pilot,instruct,F4-B-01,True,True,0.41604876445127026,0.40097769940326766,0.015071065048002596,0.23639672821428453,0.30172226549043346,-0.06532553727614893,1,0
three_cell_pilot,instruct,F4-B-01T,True,True,0.9530466939687909,0.4564195671071167,0.49662712686167426,0.9498453319041563,0.5266288760716544,0.4232164558325019,1,0
three_cell_pilot,instruct,F4-B-03,True,False,0.2201332068927947,0.1307776489730757,0.089355557919719,0.02851382051177842,0.11320035983808915,-0.08468653932631073,0,0
three_cell_pilot,instruct,F4-B-03T,True,True,0.708773487081032,0.4557827483089927,0.25299073877203937,0.5358072493984473,0.38252681652272075,0.1532804328757265,1,1
three_cell_pilot,instruct,F4-B-05,True,False,0.001310481205877345,0.05110388584295113,-0.04979340463707378,0.0025801401893332195,0.051986508679208204,-0.04940636848987499,0,0
three_cell_pilot,instruct,F4-B-05T,True,True,0.044309838352644945,0.0377805819000384,0.006529256452606547,0.009826056522305164,0.05810583268593496,-0.048279776163629794,0,0
three_cell_pilot,instruct,F4-B-07,True,True,0.054310263791002754,0.21244772421885133,-0.15813746042784857,0.011821522913986119,0.07404340964476595,-0.062221886730779837,0,0
three_cell_pilot,instruct,F4-B-07T,True,True,0.016689357674057718,0.12780561321566866,-0.11111625554161095,0.006684601020620399,0.06669013826895932,-0.060005537248338923,0,0
three_cell_pilot,instruct,F4-B-09,True,True,0.3474369945097897,0.35629969544174556,-0.008862700931955847,0.1078307404140831,0.19696136133510994,-0.08913062092102685,0,0
three_cell_pilot,instruct,F4-B-09T,True,True,0.27448595004949117,0.20970918239064998,0.06477676765884119,0.01224962489167784,0.12279976568726589,-0.11055014079558804,0,0
three_cell_pilot,instruct,F4-B-11,False,False,0.29031777664094827,0.4337398901813062,-0.14342211354035794,0.1306631748652146,0.4253680308780128,-0.29470485601279817,,0
three_cell_pilot,instruct,F4-B-11T,True,True,0.13816270930799773,0.11885758412965128,0.019305125178346455,0.23681837708355916,0.2530544626540606,-0.016236085570501463,0,0
three_cell_pilot,instruct,F5-A-00,False,False,0.9621024279684445,0.5197466432457722,0.44235578472267223,0.8108651595136391,0.46322128515808003,0.3476438743555591,1,0
three_cell_pilot,instruct,F5-A-02,True,True,0.01875806265766271,0.04072017129379589,-0.02196210863613318,0.012240858512841703,0.044266485439724286,-0.032025626926882586,0,0
three_cell_pilot,instruct,F5-A-04,False,False,0.6771604697906215,0.1589418101751062,0.5182186596155153,0.3928388213638524,0.17218450503710933,0.22065431632674307,1,0
three_cell_pilot,instruct,F5-A-06,False,False,0.10432568168244677,0.2879315625597173,-0.18360588087727053,0.16701729754615813,0.24011414388838162,-0.07309684634222349,0,0
three_cell_pilot,instruct,F5-A-08,False,False,0.047024514908773046,0.15395289929765676,-0.10692838438888372,0.03854331097825295,0.16737923524826176,-0.1288359242700088,0,0
three_cell_pilot,instruct,F5-A-10,False,False,0.044687767823181325,0.1101054291866667,-0.06541766136348537,0.014873076833641094,0.16497994754878662,-0.15010687071514553,0,0
three_cell_pilot,instruct,F5-B-01,False,False,0.3089278308055693,0.18219400683169346,0.12673382397387584,0.12262158791647448,0.2932476731554985,-0.170626085239024,0,0
three_cell_pilot,instruct,F5-B-03,True,True,0.09634621197916894,0.2690405251791077,-0.17269431319993878,0.11776231209141871,0.2658002938336914,-0.1480379817422727,0,0
three_cell_pilot,instruct,F5-B-05,True,True,0.9648208750071259,0.7598617565276707,0.20495911847945514,0.49549964418365666,0.5597173172127525,-0.06421767302909587,0,
three_cell_pilot,instruct,F5-B-07,True,True,0.11029277227638005,0.12350357257860334,-0.013210800302223283,0.11900247838234809,0.2000752544433043,-0.0810727760609562,0,0
three_cell_pilot,instruct,F5-B-09,False,False,0.06713419719981896,0.2038344372065549,-0.13670024000673592,0.007272811494583652,0.21096179074785648,-0.20368897925327284,0,0
three_cell_pilot,instruct,F5-B-11,True,True,0.9214026542906693,0.8306313075858018,0.09077134670486742,0.9402672834493632,0.572829711291384,0.3674375721579791,0,0
