{
  "narrative_moral": {
    "steps": [
      0,
      100,
      200,
      300,
      400,
      500,
      600,
      700,
      800,
      900,
      1000
    ],
    "peak_accuracies": [
      0.8020833134651184,
      0.8020833134651184,
      0.7916666865348816,
      0.7708333134651184,
      0.7916666865348816,
      0.7708333134651184,
      0.7916666865348816,
      0.8020833134651184,
      0.7604166865348816,
      0.8020833134651184,
      0.7708333134651184
    ]
  },
  "declarative_moral": {
    "steps": [
      0,
      100,
      200,
      300,
      400,
      500,
      600,
      700,
      800,
      900,
      1000
    ],
    "peak_accuracies": [
      0.8020833134651184,
      0.7916666865348816,
      0.78125,
      0.78125,
      0.8125,
      0.7916666865348816,
      0.8020833134651184,
      0.7916666865348816,
      0.78125,
      0.7916666865348816,
      0.78125
    ]
  },
  "general_control": {
    "steps": [
      0,
      100,
      200,
      300,
      400,
      500,
      600,
      700,
      800,
      900,
      1000
    ],
    "peak_accuracies": [
      0.8020833134651184,
      0.7916666865348816,
      0.78125,
      0.7708333134651184,
      0.8125,
      0.7916666865348816,
      0.7916666865348816,
      0.7916666865348816,
      0.7916666865348816,
      0.7916666865348816,
      0.7916666865348816
    ]
  }
}