{
  "mean": 3.2458784421284994,
  "std": 0.813575526840166,
  "n": 30,
  "threshold": 2.0,
  "passed": true,
  "scores": [
    2.855001449584961,
    2.100130319595337,
    3.668104410171509,
    2.2325897216796875,
    5.327581882476807,
    2.108804941177368,
    3.834296703338623,
    3.1170644760131836,
    4.367330551147461,
    3.3202390670776367,
    2.8423023223876953,
    3.131896495819092,
    2.840067148208618,
    4.559668064117432,
    2.540550708770752,
    4.053690433502197,
    2.9139926433563232,
    2.586392879486084,
    3.8746771812438965,
    2.1036458015441895,
    2.185149669647217,
    2.6102232933044434,
    3.9039998054504395,
    3.754453182220459,
    3.419607639312744,
    2.514434337615967,
    4.018062591552734,
    3.8797037601470947,
    3.3870859146118164,
    3.325605869293213
  ]
}